code;description;unitPrice;stockQuantity;creationDate;category;order
014285000068;UFC Banana Catsup 320g;23;6;Sat Aug 25 2018 17:54:55 GMT+0800 (Australie (Ouest));undefined;0
014285000075;UFC Banana Catcup 550g;36;4;Sat Aug 25 2018 16:18:33 GMT+0800 (Australie (Ouest));;0
014285000914;UFC Golden Fiesta Palm Oil 485ml;60;6;Sat Aug 25 2018 09:26:24 GMT+0800 (Australie (Ouest));undefined;0
014285000945;UFC Golden fiesta  Palm Oil 250g;37;6;Sat Aug 25 2018 16:19:43 GMT+0800 (Australie (Ouest));;0
014285001935;UFC Spaghetti Sauce Sweet filipino Style 1kg;69.65;4;Sat Aug 25 2018 13:57:11 GMT+0800 (Australie (Ouest));;0
014285002413;UFC Spaghetti Sauce sweet Filipino Style 250g;27;8;Sat Aug 25 2018 13:59:44 GMT+0800 (Australie (Ouest));;0
014285003045;UFC Banana Catsup 1kg ;55;4;Sat Aug 25 2018 14:02:49 GMT+0800 (Australie (Ouest));;0
014285003229;UFC  Hot Sauce 100g;22;4;Sat Aug 25 2018 15:57:37 GMT+0800 (Australie (Ouest));;0
014285003908;UFC Banana Catsup 25g;4;24;Sat Aug 25 2018 09:26:56 GMT+0800 (Australie (Ouest));undefined;0
0201670286799;Nestle Coffeemate 170g;38;3;Fri Aug 24 2018 20:01:58 GMT+0800 (Australie (Ouest));coffee;0
022000111364;Doublemint 110g;42;4;Fri Aug 24 2018 07:05:09 GMT+0800 (Australie (Ouest));;
022000111371;Juicy Fruit 110g;42;3;Fri Aug 24 2018 07:05:09 GMT+0800 (Australie (Ouest));;
054028367911;Yakult  Probiotics 80ml;60;6;Fri Aug 24 2018 07:05:09 GMT+0800 (Australie (Ouest));;
067238891183;Dove Pink Bar 100g;48.65;2;Fri Aug 24 2018 18:25:29 GMT+0800 (Australie (Ouest));;0
074923405013;Pik-Nik Original 50g;55;6;Sat Aug 25 2018 01:25:41 GMT+0800 (Australie (Ouest));;0
085000001868;Carlo Rossi California White 750ml;200;6;Sun Aug 26 2018 09:28:44 GMT+0800 (Australie (Ouest));;0
086428430001;Heineken 330ml;60;4;Fri Aug 24 2018 07:05:09 GMT+0800 (Australie (Ouest));;
1227888800242;Zesto Pineapple Unsweetened Juice Drink 250ml;30;4;Fri Aug 24 2018 07:05:09 GMT+0800 (Australie (Ouest));;
40062631;Nivea Whitening 25ml ;68;1;Fri Aug 24 2018 07:05:09 GMT+0800 (Australie (Ouest));;
42187608;Nivea Men Silver Protect 25ml;65;2;Fri Aug 24 2018 07:05:09 GMT+0800 (Australie (Ouest));;
42213888;Nivea Men Invisible for Black & White 25ml;65;2;Fri Aug 24 2018 07:05:09 GMT+0800 (Australie (Ouest));;
42300045;Nivea White & Firm Serum 20ml;96;2;Fri Aug 24 2018 07:05:09 GMT+0800 (Australie (Ouest));;
42850045;UFC Spaghetti Sauce  Sweet Filipino Style 750g;62.05;4;Sat Aug 25 2018 13:55:41 GMT+0800 (Australie (Ouest));;0
4800009000133;Dole Pineapple Orange 240ml;30;1;Fri Aug 24 2018 07:05:09 GMT+0800 (Australie (Ouest));;
4800009004216; Dole Pineapple Chunks 277g;29.55;4;Sat Aug 25 2018 15:13:44 GMT+0800 (Australie (Ouest));;0
4800009004711;Dole Pineapple Chuncks 822g;78.95;1;Sat Aug 25 2018 15:09:40 GMT+0800 (Australie (Ouest));;0
4800009005015;Dole Pineapple Tidbits 822g;77.1;1;Sat Aug 25 2018 15:11:08 GMT+0800 (Australie (Ouest));;0
4800009006098;Dole Crushed Pineapple 277g;29.05;4;Sat Aug 25 2018 15:14:44 GMT+0800 (Australie (Ouest));;0
4800009055096;Dole PIneapple Tidbits 277g;28.55;4;Sat Aug 25 2018 15:15:34 GMT+0800 (Australie (Ouest));;0
4800009075667;Dole Four Season in can 240ml;30;4;Fri Aug 24 2018 07:05:09 GMT+0800 (Australie (Ouest));;
4800009091094;Dole Fruits Cocktail 822g;74;4;Sat Aug 25 2018 15:13:03 GMT+0800 (Australie (Ouest));;0
4800010009767;Great Taste Granules 25g;21;10;Fri Aug 24 2018 07:05:09 GMT+0800 (Australie (Ouest));;
4800010012019;Great Taste Granules 100g;84.75;-1;Fri Aug 24 2018 13:28:54 GMT+0800 (Australie (Ouest));;0
4800010012033;Great Taste Granules 50g;40.35;3;Fri Aug 24 2018 13:32:34 GMT+0800 (Australie (Ouest));undefined;0
4800010075076;Cream-O Vanilla 90g;24;18;Fri Aug 24 2018 07:05:09 GMT+0800 (Australie (Ouest));;
4800010075236;Cream-O Choco 90g;24;9;Fri Aug 24 2018 14:54:08 GMT+0800 (Australie (Ouest));undefined;0
4800010075526;Cream-O Orig Vanilla Choc3olate Sandwich 300g;68;6;Fri Aug 24 2018 16:18:28 GMT+0800 (Australie (Ouest));undefined;0
4800010079944;Presto Choko-Vanilla 80g;16;9;Fri Aug 24 2018 15:13:21 GMT+0800 (Australie (Ouest));undefined;0
4800010079951;Presto Peanut Butter 80g;16;10;Fri Aug 24 2018 15:21:32 GMT+0800 (Australie (Ouest));undefined;0
4800014070817;Brew Kettle Origanal Brew 330ml;50;4;Fri Aug 24 2018 07:05:09 GMT+0800 (Australie (Ouest));;
4800014147083;Absolute Distilled Dringking Water 350ml;15;6;Fri Aug 24 2018 07:05:09 GMT+0800 (Australie (Ouest));;
4800016014499;Cream All 80g;16.65;3;Fri Aug 24 2018 14:02:10 GMT+0800 (Australie (Ouest));undefined;0
4800016019760;Cream All 200g;37.75;2;Fri Aug 24 2018 13:45:48 GMT+0800 (Australie (Ouest));undefined;0
4800016019777;Cream All 450g;83;2;Fri Aug 24 2018 14:05:10 GMT+0800 (Australie (Ouest));undefined;0
4800016021039;Great Taste White 3in1 30g;8;20;Fri Aug 24 2018 14:17:21 GMT+0800 (Australie (Ouest));undefined;0
4800016021497;Great Taste White Twin Pack ;12;15;Fri Aug 24 2018 07:05:09 GMT+0800 (Australie (Ouest));;
4800016021633;Blend 45 Kondensada 20g;7;36;Fri Aug 24 2018 14:30:47 GMT+0800 (Australie (Ouest));;0
4800016021800;Great Taste Twin Pack Smooth&Chocolate;12;-1;Fri Aug 24 2018 13:49:02 GMT+0800 (Australie (Ouest));;0
4800016043116;Nips White Chocolate 14g;6;48;Sat Aug 25 2018 11:27:40 GMT+0800 (Australie (Ouest));;0
4800016073335;Blue water Calamansi 500ml;30;3;Fri Aug 24 2018 07:05:09 GMT+0800 (Australie (Ouest));;
4800016073359;Blue water Orange 500ml;30;3;Fri Aug 24 2018 07:05:09 GMT+0800 (Australie (Ouest));;
4800016073588;Blue Water Lychee 500ml;30;3;Fri Aug 24 2018 07:05:09 GMT+0800 (Australie (Ouest));;
4800016073632;Refresh Water 350ml;10;24;Sun Aug 26 2018 10:43:51 GMT+0800 (Australie (Ouest));;0
4800016073953;Vitasoy Origanl 330ml;30;5;Fri Aug 24 2018 07:05:09 GMT+0800 (Australie (Ouest));;
4800016077616;Presto P-Butter & Jelly-Filled Cookies 330g;54.75;3;Sun Aug 26 2018 11:36:30 GMT+0800 (Australie (Ouest));undefined;0
4800016079559;Hello Chocolate 150g;43;4;Fri Aug 24 2018 16:21:56 GMT+0800 (Australie (Ouest));;0
4800016081026;Magic CreamS chocolate 308g;50.65;4;Fri Aug 24 2018 15:54:55 GMT+0800 (Australie (Ouest));;0
4800016081132;Magic Flakes Cheese 280g;47.25;6;Fri Aug 24 2018 15:52:39 GMT+0800 (Australie (Ouest));;0
4800016082085;Magic Flakes Crackers (308g);48.25;6;Fri Aug 24 2018 15:53:16 GMT+0800 (Australie (Ouest));undefined;0
4800016082962;Magic Chips Cheese 28g;9;19;Fri Aug 24 2018 16:48:41 GMT+0800 (Australie (Ouest));undefined;0
4800016082979;Magic Chips Barbecue Flavor 28g;9;9;Fri Aug 24 2018 21:10:38 GMT+0800 (Australie (Ouest));;0
4800016083778;Magic Chips Sour Cream n'Onion Flavor 28g;9;10;Fri Aug 24 2018 21:13:03 GMT+0800 (Australie (Ouest));;0
4800016087196;Magic Junior Condensada 160g;27;4;Fri Aug 24 2018 15:55:41 GMT+0800 (Australie (Ouest));;0
4800016091230;Swiss Miss Marshmallow 28g;15;30;Sun Aug 26 2018 09:21:31 GMT+0800 (Australie (Ouest));;0
4800016105746;Chiz curls 18g;8;6;Fri Aug 24 2018 07:05:09 GMT+0800 (Australie (Ouest));;
4800016110542;Mang Juan espesyal suka"'t sili 26g;8;6;Fri Aug 24 2018 07:05:09 GMT+0800 (Australie (Ouest));;
4800016113024;DewBerry Blueberies'n Cream 330g;64.8;4;Fri Aug 24 2018 15:47:27 GMT+0800 (Australie (Ouest));;0
4800016138560;Tortillos Cheese Flavor 25g;8;8;Sun Aug 26 2018 10:39:53 GMT+0800 (Australie (Ouest));;0
4800016303159;Maxx Extra Strength Blue 50's;35;2;Sun Aug 26 2018 11:20:41 GMT+0800 (Australie (Ouest));undefined;0
4800016305016;Maxx 200g;35;3;Sun Aug 26 2018 11:18:41 GMT+0800 (Australie (Ouest));undefined;0
4800016551574;Nissin Ramen Chicken 55g;12;10;Fri Aug 24 2018 19:37:06 GMT+0800 (Australie (Ouest));undefined;0
4800016551598;Nissin Ramen Seafood Flavor;12;10;Fri Aug 24 2018 19:36:12 GMT+0800 (Australie (Ouest));undefined;0
4800016552106;Nissin Cup Noodles Beef 40g;20;11;Fri Aug 24 2018 07:05:09 GMT+0800 (Australie (Ouest));;
4800016552113;Nissin Cupnoodles Seafood 40g;20;10;Fri Aug 24 2018 07:05:09 GMT+0800 (Australie (Ouest));;
4800016552120;Nissin Cup Noodles Chicken 40g;20;6;Fri Aug 24 2018 07:05:09 GMT+0800 (Australie (Ouest));;
4800016557217;Nissin Cup Noodles Sotanghon Chicken 40g;22;8;Fri Aug 24 2018 07:05:09 GMT+0800 (Australie (Ouest));;
4800016560910;Nissin Ramen Spicy Seafood Flavor;12;10;Fri Aug 24 2018 19:38:49 GMT+0800 (Australie (Ouest));undefined;0
4800016601583;Chippy Garlic Vinegar 27g;8;8;Fri Aug 24 2018 07:05:09 GMT+0800 (Australie (Ouest));;
4800016622526;Potato Chips Classic Barbecue 660g;18;6;Sat Aug 25 2018 00:29:10 GMT+0800 (Australie (Ouest));;0
4800016622533;Potato Chips V-Cut 25g;15;5;Fri Aug 24 2018 16:50:10 GMT+0800 (Australie (Ouest));;0
4800016622588;Jack n Jill Pic -A BBQ Overload  180g;50;4;Fri Aug 24 2018 07:05:09 GMT+0800 (Australie (Ouest));;
4800016627279;Berry Knots 28g;9;15;Fri Aug 24 2018 07:05:09 GMT+0800 (Australie (Ouest));;
4800016627286;Jack & Jill Milky knots 28g;9;8;Fri Aug 24 2018 07:05:09 GMT+0800 (Australie (Ouest));;
4800016628283;Mini Chocolate Pretzels 28g;9;10;Fri Aug 24 2018 16:29:23 GMT+0800 (Australie (Ouest));undefined;0
4800016633782;Piatos Roadhouse 40g;15;8;Fri Aug 24 2018 07:05:09 GMT+0800 (Australie (Ouest));;
4800016641008;Chippy Chili &amp; Cheese 27g;8;8;Fri Aug 24 2018 16:39:46 GMT+0800 (Australie (Ouest));undefined;0
4800016641503;Chippy Chili&Cheese 110g;26;6;Fri Aug 24 2018 17:03:11 GMT+0800 (Australie (Ouest));;0
4800016642029;Chippy Barbacue 27g;8;16;Fri Aug 24 2018 07:05:09 GMT+0800 (Australie (Ouest));;
4800016644801;Piatos Cheese 40G;15;12;Fri Aug 24 2018 07:05:09 GMT+0800 (Australie (Ouest));;
4800016652035;Mr.Chips Nacho Cheese Flavor 26g;8;16;Fri Aug 24 2018 07:05:09 GMT+0800 (Australie (Ouest));;
4800016652134;Tostillas Nacho Cheese Flavor 72g;26;6;Sat Aug 25 2018 00:30:06 GMT+0800 (Australie (Ouest));;0
4800016653094;Mr Chips 100g;26;6;Fri Aug 24 2018 17:03:42 GMT+0800 (Australie (Ouest));undefined;0
4800016661006;Roller Coaster Cheddar Cheese 24g;8;5;Fri Aug 24 2018 16:53:18 GMT+0800 (Australie (Ouest));;0
4800016663505;Nova 78g;26;6;Sat Aug 25 2018 00:35:48 GMT+0800 (Australie (Ouest));;0
4800016663802;Nova Country Cheese 40G;15;8;Fri Aug 24 2018 17:08:57 GMT+0800 (Australie (Ouest));undefined;0
4800016671807;Piatos Sour crm 40g;15;8;Fri Aug 24 2018 16:59:05 GMT+0800 (Australie (Ouest));undefined;0
4800017900203;Ram Green Peas 100g;11;4;Sat Aug 25 2018 14:39:59 GMT+0800 (Australie (Ouest));;0
4800017923905;Ram Carbanzos 100g;16.25;6;Sat Aug 25 2018 17:08:13 GMT+0800 (Australie (Ouest));;0
4800017927408;Ram Salted Black Beans100g;12;4;Sat Aug 25 2018 14:39:07 GMT+0800 (Australie (Ouest));;0
4800017928207;Sevilla Raisins 200g;69;4;Sat Aug 25 2018 14:26:51 GMT+0800 (Australie (Ouest));;0
4800017952301;Ram Hotcake Mx 200g;31;3;Sat Aug 25 2018 16:56:17 GMT+0800 (Australie (Ouest));;0
4800017955906;Bread Crumbs 100g;17;6;Fri Aug 24 2018 07:05:09 GMT+0800 (Australie (Ouest));;
4800017971401;Ram Oyster Sauce 70g ;11;4;Sat Aug 25 2018 14:32:50 GMT+0800 (Australie (Ouest));;0
4800022100025;Hunts Pork & Beans 390g;58;5;Sat Aug 25 2018 17:54:33 GMT+0800 (Australie (Ouest));undefined;0
4800024013477;Del Monte Orig Blend Catsup 320g;37.5;6;Sat Aug 25 2018 16:11:51 GMT+0800 (Australie (Ouest));;0
4800024550958;Del Monte Fiesta Fruit Cocktail 3.033kg;230;3;Sat Aug 25 2018 15:07:24 GMT+0800 (Australie (Ouest));;0
4800024556103;Delmonte Spaghetti Pasta Italiana 400g;65;3;Fri Aug 24 2018 07:05:09 GMT+0800 (Australie (Ouest));;
4800024556110;Del Monte Pasta italiana Salad macaroni 400g;70;3;Fri Aug 24 2018 07:05:09 GMT+0800 (Australie (Ouest));;
4800024556240;Delmonte Pasta Italiana Salad Macaroni 1kg;105;3;Fri Aug 24 2018 07:05:09 GMT+0800 (Australie (Ouest));;
4800024562425;Del Monte Spaghetti  Sauce Italian Style 560g;62;3;Sat Aug 25 2018 14:06:14 GMT+0800 (Australie (Ouest));;0
4800024562692;Delmonte 100% Pineaspple Juice 240ml;30;1;Fri Aug 24 2018 07:05:09 GMT+0800 (Australie (Ouest));;
4800024572523;Del monte Carbonara  Pasta sauce 200g;36;4;Sat Aug 25 2018 14:12:09 GMT+0800 (Australie (Ouest));;0
4800024577122;Del monte Original Blend Ketcup Sup 320g;29;7;Sat Aug 25 2018 14:14:33 GMT+0800 (Australie (Ouest));;0
4800029800065;Silver Crunch 80g;18;4;Fri Aug 24 2018 07:05:09 GMT+0800 (Australie (Ouest));;
4800029830727;Marshmallow 55g;12;4;Fri Aug 24 2018 07:05:09 GMT+0800 (Australie (Ouest));;
4800029867013;Mallow Sports 135g;23;4;Fri Aug 24 2018 07:05:09 GMT+0800 (Australie (Ouest));;
4800040211116;Curly Tops 120g;38;5;Fri Aug 24 2018 15:18:48 GMT+0800 (Australie (Ouest));undefined;0
4800040211123;Curly tops 60g;25;15;Fri Aug 24 2018 07:05:09 GMT+0800 (Australie (Ouest));;
4800040211222;Flat Tops 150g;43;5;Fri Aug 24 2018 07:05:09 GMT+0800 (Australie (Ouest));;
4800040241168;Ricoa Powder  80g ;52;6;Sat Aug 25 2018 17:09:08 GMT+0800 (Australie (Ouest));;0
4800047820021;Isopropyl GreenCross Al.250ml;75;6;Sat Aug 25 2018 01:42:09 GMT+0800 (Australie (Ouest));;0
4800047840012;Zonrox Original 1000ml;37;4;Fri Aug 24 2018 07:05:09 GMT+0800 (Australie (Ouest));;
4800047840043;Zonrox Original 95ml;11;10;Fri Aug 24 2018 23:52:17 GMT+0800 (Australie (Ouest));undefined;0
4800047840265;Zonrox Lemon 1000ml;39;3;Fri Aug 24 2018 23:40:52 GMT+0800 (Australie (Ouest));undefined;0
4800047840296;Zonrox Lemon 95ml;12;10;Fri Aug 24 2018 23:52:02 GMT+0800 (Australie (Ouest));undefined;0
4800047840548;Zonrox Floral 95ml;13;10;Fri Aug 24 2018 23:48:41 GMT+0800 (Australie (Ouest));undefined;0
4800047840579;Zonrox Floral 1000ml;39;4;Fri Aug 24 2018 23:42:19 GMT+0800 (Australie (Ouest));undefined;0
4800047841057;Del Fabric Softener Blossom Fresh 240ml;35;4;Fri Aug 24 2018 17:44:28 GMT+0800 (Australie (Ouest));;0
4800047841408;Del Fabric Softener Blossom Fresh 1000ml;126;2;Fri Aug 24 2018 17:40:57 GMT+0800 (Australie (Ouest));;0
4800047841422;Del Fabric Softener Lavender Breeze 1000ml;126;2;Fri Aug 24 2018 17:39:52 GMT+0800 (Australie (Ouest));;0
4800047841705;Zonrox ColorSafe 1000ml;65;4;Fri Aug 24 2018 07:05:09 GMT+0800 (Australie (Ouest));;
4800047841781;Zonrrox Colorsafe 95ml;13.75;10;Fri Aug 24 2018 23:51:31 GMT+0800 (Australie (Ouest));undefined;0
4800047841798;Zonrox Plus 95ml;13;10;Fri Aug 24 2018 23:52:41 GMT+0800 (Australie (Ouest));undefined;0
4800047847226;Del Forever Love Fabric Softener 1000ml;134;3;Fri Aug 24 2018 17:42:18 GMT+0800 (Australie (Ouest));;0
4800047847240;Del Forever Love 26ml;6;24;Sat Aug 25 2018 16:52:02 GMT+0800 (Australie (Ouest));;0
4800047847264;Del Forever Joy 240ml;37;4;Fri Aug 24 2018 17:43:36 GMT+0800 (Australie (Ouest));;0
4800047847349;Del Lavender 33ml;6;24;Sat Aug 25 2018 16:52:36 GMT+0800 (Australie (Ouest));;0
4800049720107;Nature Spring dDrinking Water 350ml;15;24;Sun Aug 26 2018 09:26:27 GMT+0800 (Australie (Ouest));;0
4800060080600;Purity Cotton Buds;16;3;Fri Aug 24 2018 07:05:09 GMT+0800 (Australie (Ouest));;
4800067112038;Cleene Roll 10g;10;2;Sat Aug 25 2018 00:55:56 GMT+0800 (Australie (Ouest));undefined;0
4800067600108;Albatross Lemon 50g;28;4;Sat Aug 25 2018 00:06:00 GMT+0800 (Australie (Ouest));undefined;0
4800067600139;Albatross Apple 50g;28;4;Sat Aug 25 2018 00:06:28 GMT+0800 (Australie (Ouest));undefined;0
4800067600283;Albatross Sampaguita 50g;28;4;Sat Aug 25 2018 00:06:54 GMT+0800 (Australie (Ouest));undefined;0
4800067600337;Albatross Apple 100g;48;4;Fri Aug 24 2018 07:05:10 GMT+0800 (Australie (Ouest));;
4800067600405;Albatross Sampaguita 100g;48;4;Fri Aug 24 2018 07:05:10 GMT+0800 (Australie (Ouest));;
4800067601747;Gleam Muriatic Acid 500ml;46;4;Sat Aug 25 2018 00:04:24 GMT+0800 (Australie (Ouest));undefined;0
4800067601822;Gleam Liquid Sosa 250ml;55;4;Fri Aug 24 2018 07:05:10 GMT+0800 (Australie (Ouest));;
4800067601846;Gleam Liquid Sosa 500ml;78;4;Fri Aug 24 2018 23:55:32 GMT+0800 (Australie (Ouest));undefined;0
4800067640463;Apollo Muriatic Acid 500ml;56;4;Sat Aug 25 2018 00:04:48 GMT+0800 (Australie (Ouest));undefined;0
4800067642504;Apollo Naphthalene 100g;36;4;Sat Aug 25 2018 00:19:56 GMT+0800 (Australie (Ouest));undefined;0
4800070100459;La Pacita Egg Cracklet 65g;22;-1;Fri Aug 24 2018 14:50:44 GMT+0800 (Australie (Ouest));undefined;0
4800070101463;La Pacita Prima Toast Classic 200g;50;6;Sat Aug 25 2018 18:05:15 GMT+0800 (Australie (Ouest));;0
4800070102910;La Pacita Graham Craackers 200g;38;6;Sat Aug 25 2018 10:40:25 GMT+0800 (Australie (Ouest));;0
4800092111945;Hansel Butter Sandwich 310g;57;3;Fri Aug 24 2018 07:05:10 GMT+0800 (Australie (Ouest));;
4800092112225;Combi Strawberry MilkShake 290g;57;3;Fri Aug 24 2018 15:56:40 GMT+0800 (Australie (Ouest));undefined;0
4800092112782;Combi Triple Choco 300g;57;3;Fri Aug 24 2018 07:05:10 GMT+0800 (Australie (Ouest));;
4800092113796;Combi Cookie Crunch 325g;57;3;Fri Aug 24 2018 07:05:10 GMT+0800 (Australie (Ouest));;
4800092330131;Ding Dong Mixed Nuts 100g;20;6;Sat Aug 25 2018 00:38:45 GMT+0800 (Australie (Ouest));;0
4800092333033;Ding Dong 30g;8;8;Fri Aug 24 2018 16:51:45 GMT+0800 (Australie (Ouest));;0
4800092550911;Fudgee Barr Chocolate 410g;61.45;3;Fri Aug 24 2018 15:59:16 GMT+0800 (Australie (Ouest));;0
4800092555039;Tostas Cheese 26g;8;8;Fri Aug 24 2018 07:05:10 GMT+0800 (Australie (Ouest));;
4800094090934;Minola Lauric Oil 50ml;9;6;Fri Aug 24 2018 07:05:10 GMT+0800 (Australie (Ouest));;
4800094098831;Minola Premium Coconut oil  Lauric Oil 200ml;35.75;8;Sat Aug 25 2018 14:53:19 GMT+0800 (Australie (Ouest));;0
4800098123706;Milky Marie Biscuits 100g;18;6;Fri Aug 24 2018 15:06:49 GMT+0800 (Australie (Ouest));undefined;0
4800103344379;Dairy Bon Ube 80g;20;5;Fri Aug 24 2018 07:05:10 GMT+0800 (Australie (Ouest));;
4800103344393;Dairy Bon 80g;20;5;Fri Aug 24 2018 07:05:10 GMT+0800 (Australie (Ouest));;
4800110006819;White king Hotcake Creamy Classic 200g;35;2;Sat Aug 25 2018 16:58:00 GMT+0800 (Australie (Ouest));;0
4800110010311;Blue Bay Tuna adobo 155g;35;8;Sat Aug 25 2018 17:41:45 GMT+0800 (Australie (Ouest));;0
4800110033402;Fiesta Spaghetti 1kg;90;3;Fri Aug 24 2018 07:05:10 GMT+0800 (Australie (Ouest));;
4800110060637;Fiesta Macaroni 1kg;98;3;Fri Aug 24 2018 07:05:10 GMT+0800 (Australie (Ouest));;
4800110060729;Fiesta Spaghetti 450g;60;3;Fri Aug 24 2018 07:05:10 GMT+0800 (Australie (Ouest));;
4800112010111;Guitar Safety Match;22;3;Fri Aug 24 2018 21:55:25 GMT+0800 (Australie (Ouest));;0
4800112256151;Fuego Safety Match ;22;3;Fri Aug 24 2018 21:54:45 GMT+0800 (Australie (Ouest));;0
4800119216189;Flawlessly U Whitening Soap Papaya & Calamansi 65g;20;5;Fri Aug 24 2018 07:05:10 GMT+0800 (Australie (Ouest));;
4800119216196;Flawlessly U papaya+calamansi 90g;35;4;Sat Aug 25 2018 15:20:16 GMT+0800 (Australie (Ouest));;0
4800119216226;Flawlessly U Green Papaya+Calamansi;20;6;Sat Aug 25 2018 09:40:03 GMT+0800 (Australie (Ouest));;0
4800134101026;Master Sardines in Tomato Sauce chili 155g;19;12;Fri Aug 24 2018 07:05:10 GMT+0800 (Australie (Ouest));;
4800134200231;Master Mackerel Salmon Style 155g;23;10;Fri Aug 24 2018 07:05:10 GMT+0800 (Australie (Ouest));;
4800139000225;Jellyum Lychee18pcs;33;4;Sun Aug 26 2018 11:34:03 GMT+0800 (Australie (Ouest));undefined;0
4800139000263;Lychee 192g;17;3;Fri Aug 24 2018 07:05:10 GMT+0800 (Australie (Ouest));;
4800139890093;Jelliyum  12's;20;3;Sun Aug 26 2018 11:34:45 GMT+0800 (Australie (Ouest));undefined;0
4800142110089;Emperador Light 750ml;95;20;Sat Aug 25 2018 12:29:21 GMT+0800 (Australie (Ouest));;0
4800142110102;Emperador Light Brandy 1L;120;6;Sun Aug 26 2018 09:27:20 GMT+0800 (Australie (Ouest));;0
4800147200037;Zim Cleanser Calamansi 350g;33;4;Fri Aug 24 2018 23:57:43 GMT+0800 (Australie (Ouest));undefined;0
4800147200402;New Orchid Sampaguita 50g;24;4;Sat Aug 25 2018 00:07:33 GMT+0800 (Australie (Ouest));undefined;0
4800147200464;New Orchid Sampaguita 100g;45;4;Sat Aug 25 2018 00:08:35 GMT+0800 (Australie (Ouest));undefined;0
4800147201294;Zim Cleanser Fresh Clean Scent 350g;33;4;Fri Aug 24 2018 23:57:19 GMT+0800 (Australie (Ouest));undefined;0
4800147201720;Zim Pow CLNS Flo-150g;11;4;Sat Aug 25 2018 00:16:53 GMT+0800 (Australie (Ouest));undefined;0
4800147201737;Zim Calamanssi Scent 150g;11;4;Sat Aug 25 2018 00:14:49 GMT+0800 (Australie (Ouest));undefined;0
4800147211378;Zim pow CLNS F-CLE 150g;11;3;Sat Aug 25 2018 00:17:08 GMT+0800 (Australie (Ouest));undefined;0
4800147212085;Zim All -Purpose Sponge Jr;10;6;Sat Aug 25 2018 15:52:38 GMT+0800 (Australie (Ouest));undefined;0
4800163000536;Ligo Sardines Green 425g;45;3;Fri Aug 24 2018 07:05:10 GMT+0800 (Australie (Ouest));;
4800163000543;Ligo Sardines Chili Sauce 425g;45;4;Fri Aug 24 2018 07:05:10 GMT+0800 (Australie (Ouest));;
4800163443036;Ligo Sardines Red 155g;19;10;Fri Aug 24 2018 07:05:10 GMT+0800 (Australie (Ouest));;
4800163443043;Ligo Sardines Green 155g ;19;10;Fri Aug 24 2018 07:05:10 GMT+0800 (Australie (Ouest));;
4800166142479;50's Choko-Choko Refill Pack ;45;6;Sat Aug 25 2018 01:39:36 GMT+0800 (Australie (Ouest));undefined;0
4800172205106;Dura Brite Scrubbing Sponge;24.25;6;Sat Aug 25 2018 15:51:24 GMT+0800 (Australie (Ouest));undefined;0
4800172205403;Antibac Dura Brite Sponge Premium;19;6;Sat Aug 25 2018 15:45:18 GMT+0800 (Australie (Ouest));;0
4800192083531;Fiesta Bending Straw ;25;4;Fri Aug 24 2018 21:52:42 GMT+0800 (Australie (Ouest));;0
4800194101509;Potato Crisps Beef N'Chili 18G;8;8;Fri Aug 24 2018 07:05:10 GMT+0800 (Australie (Ouest));;
4800194101516;Potato Crisps Tomato Ketchup Flavor 18g;8;8;Fri Aug 24 2018 07:05:10 GMT+0800 (Australie (Ouest));;
4800194101646;Oishi Crackle Nets Barbecue 24g;8;6;Sat Aug 25 2018 00:35:18 GMT+0800 (Australie (Ouest));;0
4800194104128;Cheez on Chips 22g;8;8;Fri Aug 24 2018 07:05:10 GMT+0800 (Australie (Ouest));;
4800194104777;Potato Fries 21g;8;8;Fri Aug 24 2018 07:05:10 GMT+0800 (Australie (Ouest));;
4800194104869;Crispy Patata 24g;8;5;Fri Aug 24 2018 07:05:10 GMT+0800 (Australie (Ouest));;
4800194104968;Oishi Prawn Crackers Spicy 24g;8;8;Sat Aug 25 2018 00:21:36 GMT+0800 (Australie (Ouest));;0
4800194104982;Onion rings 16g;8;8;Fri Aug 24 2018 07:05:10 GMT+0800 (Australie (Ouest));;
4800194106016;Potato Fries Plain Salted 50g;15;6;Sat Aug 25 2018 00:39:29 GMT+0800 (Australie (Ouest));;0
4800194106030;Potato Fries Tomato Ketchup Flavor 50g;15;6;Sat Aug 25 2018 00:28:07 GMT+0800 (Australie (Ouest));;0
4800194106092;Potato Crisp Beef N'Chili Flavor 50g;15;6;Sat Aug 25 2018 00:40:23 GMT+0800 (Australie (Ouest));;0
4800194106108;Potato Crisp Tomato Ketchup Flavor  50g;18;6;Sat Aug 25 2018 00:36:56 GMT+0800 (Australie (Ouest));;0
4800194113601;Oishi Wafu  Chocolate Filling 20pcs;25;1;Sat Aug 25 2018 01:20:03 GMT+0800 (Australie (Ouest));undefined;0
4800194115247;Mobster Caramel&Cheese 60g;15;6;Fri Aug 24 2018 17:05:44 GMT+0800 (Australie (Ouest));;0
4800194115452;Ridges Potatoe chips 60g;27;6;Fri Aug 24 2018 07:05:10 GMT+0800 (Australie (Ouest));;
4800194116084;Ribbed Craklings 24g;8;8;Sat Aug 25 2018 00:20:48 GMT+0800 (Australie (Ouest));;0
4800194116237;Potatoe Fries baked not fried 21g;8;8;Fri Aug 24 2018 07:05:10 GMT+0800 (Australie (Ouest));;
4800194116640;Cheese Clubs 23g;8;8;Fri Aug 24 2018 07:05:10 GMT+0800 (Australie (Ouest));;
4800194118989;Oheya Barbecue Flavor 20g;8;8;Fri Aug 24 2018 07:05:10 GMT+0800 (Australie (Ouest));;
4800194152327;Pillows ube 38g;9;8;Fri Aug 24 2018 07:05:10 GMT+0800 (Australie (Ouest));;
4800194152884;Marty's Crackling Plain Salted 26g;8;8;Fri Aug 24 2018 07:05:10 GMT+0800 (Australie (Ouest));;
4800194152891;Marty'sCrackling Spicy Vinegar Flavor 26g;8;7;Fri Aug 24 2018 07:05:10 GMT+0800 (Australie (Ouest));;
4800194153225;Bread Pan 24g;7;8;Fri Aug 24 2018 07:05:10 GMT+0800 (Australie (Ouest));;
4800194173223;Bread Pan 42g;8;8;Fri Aug 24 2018 16:06:17 GMT+0800 (Australie (Ouest));;0
4800194178143;Panchos Nacho cheese 85g;21;6;Fri Aug 24 2018 07:05:10 GMT+0800 (Australie (Ouest));;
4800194178150;Panchos Barbecue 85g;26;6;Fri Aug 24 2018 07:05:10 GMT+0800 (Australie (Ouest));;
4800194184083;Smart C Lemon Squeeze 350ml;27;3;Fri Aug 24 2018 07:05:10 GMT+0800 (Australie (Ouest));;
4800194184090;Smart C Orange Crush 350ml;27;3;Fri Aug 24 2018 07:05:10 GMT+0800 (Australie (Ouest));;
4800194184106;Smart Pomelo GrapeFruit 350ml;27;3;Fri Aug 24 2018 07:05:10 GMT+0800 (Australie (Ouest));;
4800194185097;Smart-c+ orange 500ml;35;0;Fri Aug 24 2018 16:20:56 GMT+0800 (Australie (Ouest));;0
4800194185103;Smart C+ Pomelo flav 500ml;35;0;Sat Aug 25 2018 01:05:04 GMT+0800 (Australie (Ouest));;0
4800216110069;Clover Chips Cheesier 60g;26;6;Fri Aug 24 2018 07:05:10 GMT+0800 (Australie (Ouest));;
4800216110168;Clover Chips Barbecue 55g;26;6;Fri Aug 24 2018 07:05:10 GMT+0800 (Australie (Ouest));;
4800216121041;Cheezy Outrageously Cheesy 24g;8;8;Fri Aug 24 2018 07:05:10 GMT+0800 (Australie (Ouest));;
4800216121058;Cheezy Corn Crunch 70g;26;6;Fri Aug 24 2018 17:08:00 GMT+0800 (Australie (Ouest));undefined;0
4800216121720;Nacho Corn Chips Cheese 100g;26;6;Sat Aug 25 2018 00:33:55 GMT+0800 (Australie (Ouest));;0
4800216121911;Cheezy Red Hot 22g;8;8;Fri Aug 24 2018 07:05:10 GMT+0800 (Australie (Ouest));;
4800216125698;Cheezy Buffalo Wings 24g;8;7;Fri Aug 24 2018 07:05:10 GMT+0800 (Australie (Ouest));;
4800216125728;Cheezy Outrageously Spicy & Cheesy 24g;8;8;Fri Aug 24 2018 07:05:10 GMT+0800 (Australie (Ouest));;
4800216130029;Leslie's Clover Chips 55g;26;5;Fri Aug 24 2018 17:01:19 GMT+0800 (Australie (Ouest));;0
4800220531355;Tanduay Ice Natural Citrus 330ml;4;1;Sun Aug 26 2018 09:33:55 GMT+0800 (Australie (Ouest));;0
4800220531362;Tanduay Ice Red Mirage 330ml;30;4;Sun Aug 26 2018 09:31:35 GMT+0800 (Australie (Ouest));;0
4800220531379;Tanduay Ice Blue Illusion 330ml;30;4;Sun Aug 26 2018 09:33:28 GMT+0800 (Australie (Ouest));;0
4800220551353;Tanduay Ice Zero 330ml;30;4;Sun Aug 26 2018 09:32:42 GMT+0800 (Australie (Ouest));;0
4800249008517;San Marino Corned Tuna 85g;30;6;Fri Aug 24 2018 07:05:10 GMT+0800 (Australie (Ouest));;
4800249908848;Cdo Karne Norte 150g;28;8;Fri Aug 24 2018 07:05:10 GMT+0800 (Australie (Ouest));;
4800249909395;Cdo Karne Norte Classic 100g;20;8;Fri Aug 24 2018 07:05:10 GMT+0800 (Australie (Ouest));;
4800274020010;Quaker Instant Oatmeal Orig 200g;38;4;Fri Aug 24 2018 15:10:02 GMT+0800 (Australie (Ouest));;0
4800274020027;Quaker Quick Cook Oatmeal 200g;41;6;Fri Aug 24 2018 15:11:49 GMT+0800 (Australie (Ouest));;0
4800274310357;Quaker Instant Oatmeal 33g;15;17;Fri Aug 24 2018 15:08:15 GMT+0800 (Australie (Ouest));;0
4800274332007;Quaker Instant Oatmeal Choco 200g;49.15;2;Fri Aug 24 2018 15:12:39 GMT+0800 (Australie (Ouest));;0
4800344001420;Silver Swan Soy Sauce 385ml;28;6;Sat Aug 25 2018 16:14:42 GMT+0800 (Australie (Ouest));;0
4800344001963;Silver Swan Soy Sauce 100ML;7;10;Fri Aug 24 2018 07:05:10 GMT+0800 (Australie (Ouest));;
4800344004421;Silver Swan Sukang Puti 385ml;18;6;Sat Aug 25 2018 16:15:40 GMT+0800 (Australie (Ouest));;0
4800361050081;Maggi Savor Classic 130ml;37;5;Sat Aug 25 2018 15:55:51 GMT+0800 (Australie (Ouest));undefined;0
4800361061322;Nestle Cream 250ml;54;8;Fri Aug 24 2018 07:05:10 GMT+0800 (Australie (Ouest));;
4800361316934;Maggi Savor Chilimansi 130ml;39.35;5;Sat Aug 25 2018 15:54:47 GMT+0800 (Australie (Ouest));;0
4800361328302;Magic Sarap 8g (1pack);35;7;Fri Aug 24 2018 07:05:10 GMT+0800 (Australie (Ouest));;
4800361328326;Magic Sarap 50g;19;9;Sat Aug 25 2018 17:28:49 GMT+0800 (Australie (Ouest));undefined;0
4800361330657;Koko Krunch 180g;62.15;2;Fri Aug 24 2018 14:19:22 GMT+0800 (Australie (Ouest));undefined;0
4800361331500;BearBrand Sterilized 200ml;30;8;Fri Aug 24 2018 07:05:10 GMT+0800 (Australie (Ouest));;
4800361338721;Maggi Oyster Sauce 300ml;68;5;Sat Aug 25 2018 15:50:49 GMT+0800 (Australie (Ouest));;0
4800361339186;Nescafe Classic 25g;21.35;10;Fri Aug 24 2018 13:26:37 GMT+0800 (Australie (Ouest));undefined;0
4800361369008;Koko Krunch 90g;52;3;Fri Aug 24 2018 16:07:25 GMT+0800 (Australie (Ouest));undefined;0
4800361375146;Nescafe Decaf 20G;25;8;Fri Aug 24 2018 07:05:10 GMT+0800 (Australie (Ouest));;
4800361379373;Bearbrand Adult Plus 300g;143.5;3;Fri Aug 24 2018 14:08:05 GMT+0800 (Australie (Ouest));undefined;0
4800361379557;Nestea Lemon Blend 25;18;24;Sun Aug 26 2018 09:22:03 GMT+0800 (Australie (Ouest));undefined;0
4800361381024;Bear Brand Swak;15;8;Fri Aug 24 2018 14:09:02 GMT+0800 (Australie (Ouest));;0
4800361381086;Bearbrand Fortified 150g;52;3;Fri Aug 24 2018 07:05:10 GMT+0800 (Australie (Ouest));;
4800361381222;Milo Activ-GO 220G;70.5;3;Fri Aug 24 2018 14:14:49 GMT+0800 (Australie (Ouest));undefined;0
4800361381246;Nestle Milo 300g;89;3;Fri Aug 24 2018 07:05:10 GMT+0800 (Australie (Ouest));;
4800361381260;Nestle Milo 600g;190.5;2;Sat Aug 25 2018 10:42:02 GMT+0800 (Australie (Ouest));;0
4800361382083;Nestea Apple Blend 25g;18;24;Sun Aug 26 2018 09:16:28 GMT+0800 (Australie (Ouest));;0
4800361383325;Milo 264g;91.3;2;Fri Aug 24 2018 14:18:46 GMT+0800 (Australie (Ouest));undefined;0
4800361383493;Neascafe Creamy Latte 27.5g;8;35;Fri Aug 24 2018 14:23:58 GMT+0800 (Australie (Ouest));;0
4800361388047;Bearbrand 900g;294.75;3;Fri Aug 24 2018 13:52:07 GMT+0800 (Australie (Ouest));undefined;0
4800361388313;Nestle Chuckie 180ml;25;2;Fri Aug 24 2018 07:05:10 GMT+0800 (Australie (Ouest));;
4800361388757;Bearbrand 32og;108;2;Fri Aug 24 2018 07:05:10 GMT+0800 (Australie (Ouest));;
4800361388771;Bearbrand 700g;235;2;Fri Aug 24 2018 07:05:10 GMT+0800 (Australie (Ouest));;
4800361390804;Nestle Coffee Mate 170g;39.6;3;Fri Aug 24 2018 20:02:11 GMT+0800 (Australie (Ouest));coffee;0
4800361392549;Nestea Cranberry Red Tea  25g;18;24;Sun Aug 26 2018 09:14:41 GMT+0800 (Australie (Ouest));;0
4800361393096;Nescafe Creamy White 29g;8;20;Fri Aug 24 2018 13:47:01 GMT+0800 (Australie (Ouest));undefined;0
4800361393454;Bearbrand Milky Yummy 28g;10;10;Fri Aug 24 2018 14:12:47 GMT+0800 (Australie (Ouest));undefined;0
4800361393478;Bearbrandd Choco Yummy 28g;10;10;Fri Aug 24 2018 14:13:27 GMT+0800 (Australie (Ouest));undefined;0
4800361393492;Bearbrand ChocoMilk 300g;107.25;3;Fri Aug 24 2018 14:11:59 GMT+0800 (Australie (Ouest));undefined;0
4800361393645;Nescafe Classic 50g;42;5;Fri Aug 24 2018 07:05:10 GMT+0800 (Australie (Ouest));;
4800361393683;Nescafe Classic 100g;80;3;Fri Aug 24 2018 07:05:10 GMT+0800 (Australie (Ouest));;
4800361393768;Nescafe Classic Decaf 40g;47.2;3;Fri Aug 24 2018 13:47:48 GMT+0800 (Australie (Ouest));undefined;0
4800361393805;Bearbrand Chocomilk 29g;15;8;Fri Aug 24 2018 14:28:24 GMT+0800 (Australie (Ouest));undefined;0
4800361394161;Milo Nutri-up 24g;13.5;12;Fri Aug 24 2018 14:25:48 GMT+0800 (Australie (Ouest));undefined;0
4800361395106;Nescafe Coco Mocha 30g;8;-1;Fri Aug 24 2018 13:44:35 GMT+0800 (Australie (Ouest));;0
4800361395144;Nescafe Berry Mocha 30g;8;24;Fri Aug 24 2018 14:27:22 GMT+0800 (Australie (Ouest));;0
4800361395687;Nestle Chuckise 110ml;16;30;Fri Aug 24 2018 07:05:10 GMT+0800 (Australie (Ouest));;
4800361399715;Nestle Nesfruta Buko 25g;18;36;Sun Aug 26 2018 09:22:13 GMT+0800 (Australie (Ouest));undefined;0
4800361402415;Magic Sarap 120g;39;5;Sat Aug 25 2018 17:28:29 GMT+0800 (Australie (Ouest));undefined;0
4800361402521;Nestea Milk Tea Winter Melon 12g;8;20;Sun Aug 26 2018 09:20:09 GMT+0800 (Australie (Ouest));;0
4800361402583;Nestea Milk Tea Hokkaido-Style 12g;8;20;Sun Aug 26 2018 09:20:55 GMT+0800 (Australie (Ouest));;0
4800361403344;Nestle Milo Activ-Go 88g;29.7;6;Fri Aug 24 2018 14:09:43 GMT+0800 (Australie (Ouest));undefined;0
4800361403818;Nescafe Blend&Brew Strong 25g;7;20;Fri Aug 24 2018 07:05:10 GMT+0800 (Australie (Ouest));;
4800361403863;Nescafe Blend&Brew Brown 28.5g;8;-1;Fri Aug 24 2018 13:37:39 GMT+0800 (Australie (Ouest));;0
4800361404662;Nesstea Lemon Blend iced Tea 6.5g;7;34;Sun Aug 26 2018 09:19:29 GMT+0800 (Australie (Ouest));;0
4800361404709;Nescafe 3in1 Orig 48g;11;20;Fri Aug 24 2018 07:05:10 GMT+0800 (Australie (Ouest));;
4800361405485;Nescafe Creamy White Twin Pack ;11.25;20;Fri Aug 24 2018 14:00:50 GMT+0800 (Australie (Ouest));undefined;0
4800417004914;Bench Fix Hair Gel 75g;54;4;Sat Aug 25 2018 12:21:46 GMT+0800 (Australie (Ouest));;0
4800488011415;Charmee Cottony With Wings ;22;6;Fri Aug 24 2018 07:05:10 GMT+0800 (Australie (Ouest));;
4800488011422;Charmee PantyLiners Unscented;13;4;Fri Aug 24 2018 21:36:09 GMT+0800 (Australie (Ouest));undefined;0
4800488011484;Charmee Cottony No Wings;20;6;Fri Aug 24 2018 07:05:10 GMT+0800 (Australie (Ouest));;
4800488100058;Charmee PantyLiners Breathable;13;4;Fri Aug 24 2018 07:05:10 GMT+0800 (Australie (Ouest));;
4800488114772;Charmee Go Girl!;20;3;Fri Aug 24 2018 21:35:44 GMT+0800 (Australie (Ouest));undefined;0
4800488959328;Nursey Baby Wipes;70;4;Sun Aug 26 2018 15:52:20 GMT+0800 (Australie (Ouest));undefined;0
4800523220031;Pee Wee Sizzling Bbq 25g;8;8;Fri Aug 24 2018 07:05:10 GMT+0800 (Australie (Ouest));;
4800523220086;Cheese it 60g;15;6;Fri Aug 24 2018 17:00:17 GMT+0800 (Australie (Ouest));undefined;0
4800523220284;Moby Chocolate 25g;8;13;Sat Aug 25 2018 18:00:06 GMT+0800 (Australie (Ouest));undefined;0
4800523220482;Moby chocolate 60g;15;6;Fri Aug 24 2018 07:05:10 GMT+0800 (Australie (Ouest));;
4800523220802;Moby Caramel Puff 25g;8;8;Fri Aug 24 2018 07:05:10 GMT+0800 (Australie (Ouest));;
4800523441832;Tomi Sweet Corn 25g;8;16;Fri Aug 24 2018 07:05:10 GMT+0800 (Australie (Ouest));;
4800523441955;Loaded Chocolate 32g;9;8;Fri Aug 24 2018 16:34:07 GMT+0800 (Australie (Ouest));undefined;0
4800523443416;Loaded WhiteChoco 32g;9;8;Fri Aug 24 2018 16:33:40 GMT+0800 (Australie (Ouest));undefined;0
4800527127688;Young's Town Sardines Green 425g;45;4;Fri Aug 24 2018 07:05:10 GMT+0800 (Australie (Ouest));;
4800527271862;Young's Town Sardines Red 425g;45;4;Fri Aug 24 2018 07:05:10 GMT+0800 (Australie (Ouest));;
4800552888080;Mini Chips Delight 130g;48;6;Fri Aug 24 2018 16:08:14 GMT+0800 (Australie (Ouest));undefined;0
4800575120303;Alaska Condensada 390g;57;4;Fri Aug 24 2018 07:05:10 GMT+0800 (Australie (Ouest));;
4800575140370;Alaska Evaporada 370ml;28;4;Sat Aug 25 2018 17:56:21 GMT+0800 (Australie (Ouest));undefined;0
4800575141612;Alaska Powder 300g;89.9;3;Fri Aug 24 2018 13:30:41 GMT+0800 (Australie (Ouest));;0
4800575210080;Alaska Powwder Milk 80g;28.75;8;Fri Aug 24 2018 14:00:06 GMT+0800 (Australie (Ouest));undefined;0
4800575425019;Krem-Top 80g;19;12;Fri Aug 24 2018 14:06:31 GMT+0800 (Australie (Ouest));undefined;0
4800575425026;Krem-Top 170g;35;3;Fri Aug 24 2018 07:05:10 GMT+0800 (Australie (Ouest));;
4800575425033;Krem Top 250g;50;-1;Fri Aug 24 2018 13:13:06 GMT+0800 (Australie (Ouest));;0
4800575883505;Carnation Condensada 387g;55;4;Fri Aug 24 2018 07:05:10 GMT+0800 (Australie (Ouest));;
4800575884007;Alpine 370g;58;4;Sat Aug 25 2018 17:55:54 GMT+0800 (Australie (Ouest));undefined;0
4800575884502;Alpine 154ml;30;4;Fri Aug 24 2018 07:05:10 GMT+0800 (Australie (Ouest));;
4800611223579;Cobra Energy Drink 350ml;30;10;Fri Aug 24 2018 07:05:10 GMT+0800 (Australie (Ouest));;
4800611546760;Cobra Energy Drink Yellow 350ml;30;4;Fri Aug 24 2018 07:05:10 GMT+0800 (Australie (Ouest));;
4800818828294;Frooty Bubble Pop 25+3;25;3;Sun Aug 26 2018 11:23:00 GMT+0800 (Australie (Ouest));undefined;0
4800888112958;Domex Anti-Microbal System 250ml;49;6;Fri Aug 24 2018 21:57:25 GMT+0800 (Australie (Ouest));;0
4800888112996;Domex Lemon Fresh 500ml;87;4;Fri Aug 24 2018 23:53:23 GMT+0800 (Australie (Ouest));undefined;0
4800888113474;Close-up Red Hot 95ml;80;4;Fri Aug 24 2018 17:57:01 GMT+0800 (Australie (Ouest));;0
4800888113481;Close-Up Red Hot 50ml;50;4;Fri Aug 24 2018 17:57:36 GMT+0800 (Australie (Ouest));;0
4800888113566;Close-up Menthol Fresh Green 50ml;49;4;Fri Aug 24 2018 17:58:22 GMT+0800 (Australie (Ouest));;0
4800888136688;Surf  Powerful Fabcon Blossom Fresh 380g;28;4;Sun Aug 26 2018 19:35:24 GMT+0800 (Australie (Ouest));undefined;0
4800888136787;Surf Powerful w/ Fabcon Sun Fresh 380g;25;4;Sun Aug 26 2018 14:59:56 GMT+0800 (Australie (Ouest));undefined;0
4800888139283;CreamSilk HairFall Defense 11ml;7;24;Sat Aug 25 2018 12:38:00 GMT+0800 (Australie (Ouest));;0
4800888139306;Creamsilk Standout Straight 12ml;7;24;Sat Aug 25 2018 12:43:03 GMT+0800 (Australie (Ouest));;0
4800888140821;Sunsilk Damage Reconstruction 90ml;53.75;3;Fri Aug 24 2018 18:04:10 GMT+0800 (Australie (Ouest));;0
4800888140852;Sunsilk Smooth&Manageable 90ml;53.75;3;Fri Aug 24 2018 18:04:58 GMT+0800 (Australie (Ouest));;0
4800888143891;Ponds Spot-Less Rosy White Facial Foam 10g;17;11;Fri Aug 24 2018 07:05:10 GMT+0800 (Australie (Ouest));;
4800888144256;Rexona Men Quantum Dry 25ml;50;2;Fri Aug 24 2018 07:05:10 GMT+0800 (Australie (Ouest));;
4800888149497;Clear Men Anti-Dandruff Shampoo 75ml;55.75;2;Fri Aug 24 2018 18:06:23 GMT+0800 (Australie (Ouest));;0
4800888154309;Dove Intense Repair Shampoo 90ml;60.65;2;Fri Aug 24 2018 18:09:04 GMT+0800 (Australie (Ouest));;0
4800888169693;Sunsilk dagame Reconstruction 13ml;6;24;Sat Aug 25 2018 12:47:17 GMT+0800 (Australie (Ouest));;0
4800888173690;Dove Origanl Light & Smooth 25ml;55.75;2;Fri Aug 24 2018 07:05:10 GMT+0800 (Australie (Ouest));;
4800888180100;CreamSilk Dry Rescue 11ml;8;24;Sat Aug 25 2018 12:39:27 GMT+0800 (Australie (Ouest));undefined;0
4800888180117;CreamSilk Dry Rescue 90ml;55.25;3;Fri Aug 24 2018 18:07:55 GMT+0800 (Australie (Ouest));;0
4800888183040;Ponds Acne Clear Facial Foam 10g;17;13;Sun Aug 26 2018 10:08:32 GMT+0800 (Australie (Ouest));undefined;0
4800888183804;Surf Fabcon Rose Fresh 61g;7;60;Sun Aug 26 2018 14:49:31 GMT+0800 (Australie (Ouest));;0
4800888189806;Surf  Fabcon Cherry Blossom 57g;7;60;Sun Aug 26 2018 14:46:43 GMT+0800 (Australie (Ouest));;0
4800888190284;Dove Men + Care 9ml;7;24;Sat Aug 25 2018 12:38:55 GMT+0800 (Australie (Ouest));undefined;0
4800888190505;Dove Ultimate White 25ml;60;1;Fri Aug 24 2018 07:05:10 GMT+0800 (Australie (Ouest));;
4800888191939;Sunsilk Expect-Perfect Straight 13ml;6;24;Sat Aug 25 2018 12:45:44 GMT+0800 (Australie (Ouest));;0
4800888193551;Rexona Men Motionsense Invisible Dry 25ml;53.75;2;Fri Aug 24 2018 07:05:10 GMT+0800 (Australie (Ouest));;
4800888602268;Lady's choice real mayonnaise 220ml;75.9;1;Fri Aug 24 2018 13:03:43 GMT+0800 (Australie (Ouest));;0
4800888602275;Lady's Choice Chicken Spread 220ML;85.5;3;Fri Aug 24 2018 13:01:59 GMT+0800 (Australie (Ouest));undefined;0
4800888602282;Lady's Choice Ham Spread 220ML;85.5;3;Fri Aug 24 2018 12:59:33 GMT+0800 (Australie (Ouest));undefined;0
4800888602299;Lady's Choice Sandwich Spread 220ML;65.5;2;Fri Aug 24 2018 13:01:17 GMT+0800 (Australie (Ouest));undefined;0
4800888602718;Knorr Cubes Chicken 10g;8;24;Sat Aug 25 2018 13:40:02 GMT+0800 (Australie (Ouest));undefined;0
4800888602725;Knorr Pork Cubes 10g;8;24;Sat Aug 25 2018 13:39:46 GMT+0800 (Australie (Ouest));undefined;0
4800888602732;Knorr Cubes Beef 10g;8;24;Sat Aug 25 2018 13:39:10 GMT+0800 (Australie (Ouest));undefined;0
4800888603692;Sinigang Sampalok Orig 10g;7;8;Fri Aug 24 2018 07:05:10 GMT+0800 (Australie (Ouest));;
4801010361121;Carefree Super Dry;30;4;Fri Aug 24 2018 21:34:25 GMT+0800 (Australie (Ouest));undefined;0
4801010501213;Johnson's baby oil idea for baby massage 50ml;40;6;Fri Aug 24 2018 07:05:10 GMT+0800 (Australie (Ouest));;
4801010501312;Johnson's baby Oil idea for baby Massage 125ml;73.2;3;Fri Aug 24 2018 07:05:10 GMT+0800 (Australie (Ouest));;
4801010503323;Johnson's baby oil lite 125ml;88;3;Fri Aug 24 2018 07:05:10 GMT+0800 (Australie (Ouest));;
4801010560432;Johnson's Baby Soap 60g;19;18;Fri Aug 24 2018 18:30:59 GMT+0800 (Australie (Ouest));;0
4801010560500;Johnson's Baby Soap 100g;28;3;Fri Aug 24 2018 18:22:45 GMT+0800 (Australie (Ouest));;0
4801032115047;San Miguel pale Pilsen 330ml can;47;4;Sun Aug 26 2018 09:36:43 GMT+0800 (Australie (Ouest));undefined;0
4801032211077;Red Horse 500ml;45;24;Sun Aug 26 2018 09:38:52 GMT+0800 (Australie (Ouest));;0
4801032211138;Red Horse 1000ml;85;36;Sun Aug 26 2018 09:37:42 GMT+0800 (Australie (Ouest));;0
4801032741048;san mig light;35;1;Fri Aug 24 2018 20:14:31 GMT+0800 (Australie (Ouest));;0
4801032745046;SanMig Light Pale Pilsen 330ml can;47;15;Sun Aug 26 2018 09:55:28 GMT+0800 (Australie (Ouest));undefined;0
4801234106423;Baygon Protector Flying Insect Killer 500ml;270;2;Fri Aug 24 2018 21:58:42 GMT+0800 (Australie (Ouest));;0
4801234107819;Baygon Protector  Multi Insect Killer 300ml;190;2;Fri Aug 24 2018 21:59:34 GMT+0800 (Australie (Ouest));;0
4801288850082;Those days Pink  8 Pads;20;5;Fri Aug 24 2018 07:05:10 GMT+0800 (Australie (Ouest));;
4801668100240;Datu Puti Spiced Vinegar 350ml;32;6;Fri Aug 24 2018 07:05:10 GMT+0800 (Australie (Ouest));;
4801668300039; Jufran Sweet chili 330g;34.5;6;Sat Aug 25 2018 16:21:24 GMT+0800 (Australie (Ouest));;0
4801668500293;Datu Puti Vinegar 385ml;19;8;Fri Aug 24 2018 07:05:10 GMT+0800 (Australie (Ouest));;
4801668505038;Datu Puti  Patis;30;5;Sat Aug 25 2018 16:29:30 GMT+0800 (Australie (Ouest));;0
4801668600542;Datu Puti Patis 150ML;12;10;Fri Aug 24 2018 07:05:10 GMT+0800 (Australie (Ouest));;
4801668600641;Mang Tomas 100g;12;6;Fri Aug 24 2018 07:05:10 GMT+0800 (Australie (Ouest));;
4801668600726;Datu Puti Soy Sauce 60ml;6;12;Sat Aug 25 2018 13:40:23 GMT+0800 (Australie (Ouest));undefined;0
4801668602027;Datu Puti Vinegar 200ML;8;10;Fri Aug 24 2018 07:05:10 GMT+0800 (Australie (Ouest));;
4801688103511;Cheese ring 60g;18;8;Fri Aug 24 2018 07:05:10 GMT+0800 (Australie (Ouest));;
4801688103818;Snacku 30g;8;8;Fri Aug 24 2018 16:53:42 GMT+0800 (Australie (Ouest));undefined;0
4801688108318;Regent Tempura Shrimp Flav. 100g;45;4;Sat Aug 25 2018 01:23:46 GMT+0800 (Australie (Ouest));undefined;0
4801958390108;Ajinomoto Crispy Fry Original 62g;20;18;Sat Aug 25 2018 14:35:36 GMT+0800 (Australie (Ouest));undefined;0
4801958391105;Ajinomoto Crispy Fry Spicy 62g;20;18;Sat Aug 25 2018 14:34:38 GMT+0800 (Australie (Ouest));undefined;0
4801981064854;Minute Maid Apple 200ml;12;20;Fri Aug 24 2018 07:05:10 GMT+0800 (Australie (Ouest));;
4801981064861;Minute Maid Orange 200 ml;12;20;Fri Aug 24 2018 07:05:10 GMT+0800 (Australie (Ouest));;
4801981110001;Coke Original Taste 330ml;30;24;Sun Aug 26 2018 10:45:14 GMT+0800 (Australie (Ouest));;0
4801981110100;Royal Tru -Orange 330ml;35;6;Fri Aug 24 2018 07:05:10 GMT+0800 (Australie (Ouest));;
4801981110933;Schweppes Sparkling Tonic Water 330ml;60;10;Sat Aug 25 2018 11:24:41 GMT+0800 (Australie (Ouest));;0
4801981116072;Coke Origanal 1.5 Litres;75;15;Fri Aug 24 2018 07:05:10 GMT+0800 (Australie (Ouest));;
4801981116171;Royal Tru-Orange 1.5 Litres;75;16;Fri Aug 24 2018 07:05:10 GMT+0800 (Australie (Ouest));;
4801981116270;Sprite 1.5 Litres ;75;11;Fri Aug 24 2018 07:05:10 GMT+0800 (Australie (Ouest));;
4801981120000;Coke Original 500ml;35;4;Fri Aug 24 2018 07:05:10 GMT+0800 (Australie (Ouest));;
4801981125180;Minute Maid Pulpy Orange 330ml;25;8;Sun Aug 26 2018 09:50:18 GMT+0800 (Australie (Ouest));;0
4801981125197;Minute Maid Mango orange  330ml ;30;4;Fri Aug 24 2018 07:05:10 GMT+0800 (Australie (Ouest));;
4801981125647;Coke zero 330ml;35;6;Sun Aug 26 2018 10:49:48 GMT+0800 (Australie (Ouest));undefined;0
4801981166152;Eight O'Clock Calamansi 1L;19;24;Sun Aug 26 2018 09:11:32 GMT+0800 (Australie (Ouest));;0
48025515;Coffee Mate 5g;23;2;Fri Aug 24 2018 20:02:25 GMT+0800 (Australie (Ouest));coffee;0
48033756;Winston Lights 20's;80;20;Sat Aug 25 2018 13:46:43 GMT+0800 (Australie (Ouest));;0
48033831;Winston Red 20's ;80;10;Sat Aug 25 2018 13:47:08 GMT+0800 (Australie (Ouest));;0
803925033148;Mountain Dew in Can 330ml;30;6;Fri Aug 24 2018 07:05:10 GMT+0800 (Australie (Ouest));;
4803925061110;Gatorade Grape 500 ml;40;2;Fri Aug 24 2018 07:05:10 GMT+0800 (Australie (Ouest));;
4803925061127;Gatorade Orange Chill 500ml;40;3;Fri Aug 24 2018 07:05:10 GMT+0800 (Australie (Ouest));;
4803925061134;Gatorate Lemon Lime 500 ml;40;3;Fri Aug 24 2018 07:05:10 GMT+0800 (Australie (Ouest));;
4803925251146;Mountain Dew 600ml;33;4;Fri Aug 24 2018 07:05:10 GMT+0800 (Australie (Ouest));;
4803925320002;Premier Purified Water 500ml;15;24;Sun Aug 26 2018 09:41:06 GMT+0800 (Australie (Ouest));;0
4803925350016;Gatorade Tropical Fruit 350ml;25;6;Sun Aug 26 2018 09:51:24 GMT+0800 (Australie (Ouest));undefined;0
4803925350054;Gatorade Blue Bolt 350ml;25;6;Sun Aug 26 2018 09:49:42 GMT+0800 (Australie (Ouest));;0
48039338;Mighty white 20's;70;10;Sat Aug 25 2018 13:44:29 GMT+0800 (Australie (Ouest));;0
48041812;Mighty Green 20's;70;10;Sat Aug 25 2018 13:45:04 GMT+0800 (Australie (Ouest));;0
48042772;Marlboro Ice Blast 20's;100;30;Sat Aug 25 2018 13:42:18 GMT+0800 (Australie (Ouest));;0
48043472;Fortune Splash 20's;70;10;Sat Aug 25 2018 13:45:44 GMT+0800 (Australie (Ouest));;0
48043717;Fortune Menthol;70;11;Fri Aug 24 2018 07:05:10 GMT+0800 (Australie (Ouest));;
4804888589697;SP Choc-Nut P-Milk Choco 16pcs;20;6;Sat Aug 25 2018 01:39:42 GMT+0800 (Australie (Ouest));undefined;0
4804888618090;Zesto Calamansi Fruit Soda 250ml;25;6;Fri Aug 24 2018 07:05:10 GMT+0800 (Australie (Ouest));;
4804888708715;Tentay Special Patis 385ml;30;5;Sat Aug 25 2018 16:11:05 GMT+0800 (Australie (Ouest));;0
4804888800006;Zesto Orange 200ml;10;20;Sun Aug 26 2018 09:53:16 GMT+0800 (Australie (Ouest));;0
4804888800044;ZestoMango Juice 2ooml;10;20;Sun Aug 26 2018 09:52:44 GMT+0800 (Australie (Ouest));;0
4804888800242;Zesto Pineapple Unsweetend Juice 250ml;30;4;Sun Aug 26 2018 09:43:21 GMT+0800 (Australie (Ouest));;0
4804888889629;Zesto Mangoe Orange 250ml;30;4;Fri Aug 24 2018 07:05:10 GMT+0800 (Australie (Ouest));;
4804888889735;Zesto Big Apple 250ml;10;20;Sun Aug 26 2018 09:51:09 GMT+0800 (Australie (Ouest));;0
4804888889841;Zesto Rootbeer 330ml;30;4;Sun Aug 26 2018 09:41:36 GMT+0800 (Australie (Ouest));;0
4804888899062;Zesto Root Beer 500ml ;32;10;Fri Aug 24 2018 07:05:10 GMT+0800 (Australie (Ouest));;
4804888899635;Zesto mangoe Juice Drink 250ml;30;4;Fri Aug 24 2018 07:05:10 GMT+0800 (Australie (Ouest));;
4805885171007;Reno Liver Spread 85g;20;5;Fri Aug 24 2018 07:05:10 GMT+0800 (Australie (Ouest));;
4806011812047;Super Golden Bihon 500g;36;4;Sat Aug 25 2018 14:41:37 GMT+0800 (Australie (Ouest));;0
4806011900065;Fidel Iodized Salt 250g;10;6;Sat Aug 25 2018 14:59:07 GMT+0800 (Australie (Ouest));;0
4806013230092;Glad Aluminum Foil ;75;5;Fri Aug 24 2018 21:47:14 GMT+0800 (Australie (Ouest));;0
4806013230177;Glad Cling Wrap ;60.8;5;Fri Aug 24 2018 21:47:57 GMT+0800 (Australie (Ouest));;0
4806014092811;Jolly Green Peas 70g;16;6;Fri Aug 24 2018 07:05:10 GMT+0800 (Australie (Ouest));;
4806014099223;Good Life Premium Vermicelli 500g;107.75;4;Sat Aug 25 2018 14:44:43 GMT+0800 (Australie (Ouest));;0
4806018400988;Lemon Square Cupcakes Assorted 300g;59.4;2;Fri Aug 24 2018 15:33:38 GMT+0800 (Australie (Ouest));;0
4806018405532;Fun Square Butter Scotch 350g;60;4;Fri Aug 24 2018 15:37:34 GMT+0800 (Australie (Ouest));;0
4806018405662;Lemon Square Lava Cake Choco 420g;61.45;2;Fri Aug 24 2018 15:41:29 GMT+0800 (Australie (Ouest));;0
4806018405754;Lemon  Square Baon Combo Lava&Cheese Cake 360g;60;2;Fri Aug 24 2018 15:44:15 GMT+0800 (Australie (Ouest));;0
4806018405792;Lemon Square Lave Cake Creamy Bavarian 380g;63;2;Fri Aug 24 2018 15:42:07 GMT+0800 (Australie (Ouest));undefined;0
4806018405891;Whatta Tops Mango Graham 350g;61.95;3;Fri Aug 24 2018 15:36:24 GMT+0800 (Australie (Ouest));;0
4806500351088;Orange Swits Jelly Candies 8pcs pack;60;2;Sat Aug 25 2018 01:39:48 GMT+0800 (Australie (Ouest));undefined;0
4806501721057;Ligo Mackerel Salmon Style 155g;25;10;Fri Aug 24 2018 07:05:10 GMT+0800 (Australie (Ouest));;
4806502350096;Sanicare Cotton 10g;6;5;Fri Aug 24 2018 07:05:10 GMT+0800 (Australie (Ouest));;
4806502351710;Tisyu Travel Pack 2Ply Facial Tissue ;16;8;Fri Aug 24 2018 21:43:13 GMT+0800 (Australie (Ouest));;0
4806502351741;Tisyu 2ply 75Pulls;29;6;Fri Aug 24 2018 21:43:42 GMT+0800 (Australie (Ouest));undefined;0
4806502351871;Naturale Table napkins;30;4;Sat Aug 25 2018 10:59:09 GMT+0800 (Australie (Ouest));;0
4806502352113;Femme Unscented Facial Tissue ;38;5;Fri Aug 24 2018 21:45:18 GMT+0800 (Australie (Ouest));;0
4806502352397;Sanicare Cleansing wipes;35;5;Sat Aug 25 2018 10:53:12 GMT+0800 (Australie (Ouest));;0
4806502352618;Naturale Kitchen Towel;50;6;Sat Aug 25 2018 10:56:46 GMT+0800 (Australie (Ouest));;0
4806502358528;Sanicare Facial Tissue;18;4;Fri Aug 24 2018 07:05:10 GMT+0800 (Australie (Ouest));;
4806502358771;Sanicare Handy Pack;10;4;Fri Aug 24 2018 07:05:10 GMT+0800 (Australie (Ouest));;
4806502359754;Femme Decor Tissue ;10;11;Fri Aug 24 2018 07:05:10 GMT+0800 (Australie (Ouest));;
4806502359761;Femme Decor Tissue 4Rolls;35;4;Fri Aug 24 2018 07:05:10 GMT+0800 (Australie (Ouest));;
4806502720011;Gardenia Toasties 25gx10;60;3;Sat Aug 25 2018 10:42:48 GMT+0800 (Australie (Ouest));;0
4806502720110;Gardenia Butter Toast 5'slices;26;-1;Fri Aug 24 2018 14:49:06 GMT+0800 (Australie (Ouest));;0
4806505854225;Chick Boy Cheese Flavor 100g;18;8;Sat Aug 25 2018 00:32:24 GMT+0800 (Australie (Ouest));;0
4806505854232;Chick Boy Sweet Corn 100g;-1;8;Sat Aug 25 2018 00:22:48 GMT+0800 (Australie (Ouest));;0
4806506318832;Sisters Dy Maxi ;25;6;Fri Aug 24 2018 21:38:52 GMT+0800 (Australie (Ouest));undefined;0
4806506318856;Sisters Night Plus;26;6;Fri Aug 24 2018 21:39:07 GMT+0800 (Australie (Ouest));undefined;0
4806507622211;Tiwi Sweet Corn 30pcs;33;2;Sun Aug 26 2018 11:35:36 GMT+0800 (Australie (Ouest));;0
4806507622679;Tiwi Sweet Melon 30pcs;33;2;Sun Aug 26 2018 11:33:55 GMT+0800 (Australie (Ouest));;0
4806507831057;Silka Whitening Lotion Papaya 50ml ;41.85;4;Fri Aug 24 2018 07:05:10 GMT+0800 (Australie (Ouest));;
4806507831064;Silka Whitening Lotion papaya 100ml;64;4;Fri Aug 24 2018 07:05:10 GMT+0800 (Australie (Ouest));;
4806507831170;Silka Whitening Herbal Soap Papaya 90g;40;4;Fri Aug 24 2018 07:05:10 GMT+0800 (Australie (Ouest));;
4806507832481;Silka Papaya 65g;18;12;Fri Aug 24 2018 18:31:59 GMT+0800 (Australie (Ouest));;0
4806511581306;Basurero King L ;33;3;Sat Aug 25 2018 00:46:09 GMT+0800 (Australie (Ouest));;0
4806511581313;Basurero King XL ;36;3;Sat Aug 25 2018 00:44:42 GMT+0800 (Australie (Ouest));;0
4806512230357;Magnolia Pancake plus W maple Syrup 200g;36.15;3;Sat Aug 25 2018 16:50:04 GMT+0800 (Australie (Ouest));;0
4806513742200;San Mig coffee DOS Orig.;10;10;Sat Aug 25 2018 01:08:36 GMT+0800 (Australie (Ouest));undefined;0
4806516031455;Betadine Fresh Bliss DFWash 60ml;35;4;Sat Aug 25 2018 01:44:57 GMT+0800 (Australie (Ouest));;0
4806516031462;Betadine Fresh Bliss DFWash 150ml;50;4;Sat Aug 25 2018 01:43:48 GMT+0800 (Australie (Ouest));;0
4806516321020;Mr Gulaman Jelly Powder Green 25g;18;20;Sat Aug 25 2018 15:23:41 GMT+0800 (Australie (Ouest));undefined;0
4806516820585;Kettle Corn 120g;35;6;Fri Aug 24 2018 07:05:10 GMT+0800 (Australie (Ouest));;
4806516822572;Kettle Corn Sweet & salty 120g;35;6;Fri Aug 24 2018 07:05:10 GMT+0800 (Australie (Ouest));;
4806519821442;Blest Home Kitcchen Towels;105;2;Fri Aug 24 2018 07:05:10 GMT+0800 (Australie (Ouest));;
4806519893449;Yen-Yen Fabric Softener 900ml;50;8;Fri Aug 24 2018 17:29:45 GMT+0800 (Australie (Ouest));;0
4806519893586;Yen-Yen Fabric Softener  350ml;30;10;Fri Aug 24 2018 17:30:40 GMT+0800 (Australie (Ouest));;0
4806524570007;Butterball Quality Candy 50pcs;35;3;Sun Aug 26 2018 11:31:53 GMT+0800 (Australie (Ouest));;0
4806524570038;Softee FruitChew 40pcs;30;3;Sun Aug 26 2018 11:31:12 GMT+0800 (Australie (Ouest));;0
4806527715139;Arcy's Rootbeer 250ml;20;4;Fri Aug 24 2018 07:05:10 GMT+0800 (Australie (Ouest));;
4806528690176;Embutido 200g;40;15;Sun Aug 26 2018 10:52:46 GMT+0800 (Australie (Ouest));;0
4806528690183;Nanay's Sweet Ham 230g;46;5;Sun Aug 26 2018 10:59:31 GMT+0800 (Australie (Ouest));;0
4806528690213;Bacon 250g;60;5;Sun Aug 26 2018 11:04:11 GMT+0800 (Australie (Ouest));;0
4806528690299;Longganisa Cebu Style 230g;79;7;Sun Aug 26 2018 10:57:51 GMT+0800 (Australie (Ouest));undefined;0
4806528690305;Nanay's Pork Tocino Ham 230g;46;7;Sun Aug 26 2018 10:56:30 GMT+0800 (Australie (Ouest));undefined;0
4806528690404;Nanay's Pork Tocino Classic 230g;57;6;Sun Aug 26 2018 10:56:40 GMT+0800 (Australie (Ouest));undefined;0
4806528690534;Nanay's Pork Siomai 230g;74;5;Sun Aug 26 2018 11:03:35 GMT+0800 (Australie (Ouest));;0
4806528690565;Nanay's Skinless Longganisa 200g;46;10;Sun Aug 26 2018 11:00:04 GMT+0800 (Australie (Ouest));;0
4806532910017;Eagle Toothpick;15;5;Fri Aug 24 2018 07:05:10 GMT+0800 (Australie (Ouest));;
4807770100536;Bingo Orange (280g)(10pcs);55;4;Fri Aug 24 2018 16:15:53 GMT+0800 (Australie (Ouest));undefined;0
4807770100611;Bingo Double choco (280g) (10pcs.);55;4;Fri Aug 24 2018 16:16:32 GMT+0800 (Australie (Ouest));undefined;0
4807770100697;Bingo Vanilla (280g)(10pcs);55;4;Fri Aug 24 2018 16:16:57 GMT+0800 (Australie (Ouest));undefined;0
4807770101694;Butter Coconut 90g;16;9;Fri Aug 24 2018 16:02:10 GMT+0800 (Australie (Ouest));undefined;0
4807770101724;Bingo Vanilla 75g;18;15;Fri Aug 24 2018 14:53:00 GMT+0800 (Australie (Ouest));undefined;0
4807770101748;Bingo Double Choco 75g;18;15;Fri Aug 24 2018 14:52:55 GMT+0800 (Australie (Ouest));undefined;0
4807770120725;Monde Special Cream Puffs Choco 25g;15;10;Fri Aug 24 2018 15:16:28 GMT+0800 (Australie (Ouest));;0
4807770120732;Monde Special Creaam Puffs Custard 25g;15;10;Fri Aug 24 2018 15:15:38 GMT+0800 (Australie (Ouest));;0
4807770120770;Sumo cookie+cream (10 packs x 20g);54;5;Fri Aug 24 2018 16:23:04 GMT+0800 (Australie (Ouest));undefined;0
4807770121203;Nissin Stick Wafer Choco 220g;50;6;Fri Aug 24 2018 07:05:10 GMT+0800 (Australie (Ouest));;
4807770121296;Voice Overload Choco Coated 250g;53;4;Fri Aug 24 2018 16:03:11 GMT+0800 (Australie (Ouest));undefined;0
4807770121333;Monde Special Mamon Classic 258g;80;2;Sat Aug 25 2018 10:04:04 GMT+0800 (Australie (Ouest));;0
4807770121395;Monde Special Mamon Vanilla 192g;63;2;Sat Aug 25 2018 10:05:09 GMT+0800 (Australie (Ouest));undefined;0
4807770121425;Monde Special Mamon Chocolate 192g;63;2;Sat Aug 25 2018 10:05:14 GMT+0800 (Australie (Ouest));undefined;0
4807770121593;Bingo Orange 75g;18;15;Fri Aug 24 2018 14:53:04 GMT+0800 (Australie (Ouest));undefined;0
4807770122408;Nissin Wafer King Size 220g;50;6;Fri Aug 24 2018 16:09:50 GMT+0800 (Australie (Ouest));undefined;0
4807770270017;Lucky Me Beef 55g;10;20;Fri Aug 24 2018 19:24:16 GMT+0800 (Australie (Ouest));undefined;0
4807770270024;Lucky Me Chicken 55g;10;22;Fri Aug 24 2018 19:26:59 GMT+0800 (Australie (Ouest));undefined;0
4807770271168;Lucky Me La Paz Batchoy 40g;20;8;Sat Aug 25 2018 22:49:12 GMT+0800 (Australie (Ouest));undefined;0
4807770271175;LM Cup Noodles Bulalo 40g;20;14;Sat Aug 25 2018 17:04:22 GMT+0800 (Australie (Ouest));undefined;0
4807770272394;Lucky Me Instant Lomi 65g;18;10;Fri Aug 24 2018 19:26:09 GMT+0800 (Australie (Ouest));undefined;0
4807770272509;LM Chicken Sotanghon 40g;20;10;Fri Aug 24 2018 19:22:38 GMT+0800 (Australie (Ouest));undefined;0
4807770272516;Lucky Me Curly Spaghetti 90g;22;8;Fri Aug 24 2018 07:05:10 GMT+0800 (Australie (Ouest));;
4807770272653;Lucky Me Jamppong 40g;25;14;Sat Aug 25 2018 17:03:55 GMT+0800 (Australie (Ouest));undefined;0
4807770272820;LM bulalo 55G;18;10;Fri Aug 24 2018 19:23:10 GMT+0800 (Australie (Ouest));undefined;0
4807770272943;Lucky Me Seafood 40g;25;8;Sat Aug 25 2018 17:03:18 GMT+0800 (Australie (Ouest));;0
4807770273049;LM Baked Mac Style 60g;22;20;Fri Aug 24 2018 07:05:10 GMT+0800 (Australie (Ouest));;
4807770273247;LM NamNam 8gx12x60;34;8;Fri Aug 24 2018 07:05:10 GMT+0800 (Australie (Ouest));;
4807770273674;Pancit Canton Kalamansi 80g;15;19;Fri Aug 24 2018 19:26:30 GMT+0800 (Australie (Ouest));undefined;0
4807770273681;Pancit Canton Extra  Hot 80g;15;20;Fri Aug 24 2018 19:24:50 GMT+0800 (Australie (Ouest));undefined;0
4807770273698;Pancit Canton Chili-mansi 80g;15;21;Fri Aug 24 2018 19:25:20 GMT+0800 (Australie (Ouest));undefined;0
4807770273704;Pancit Canton Original 80g;15;10;Fri Aug 24 2018 19:32:12 GMT+0800 (Australie (Ouest));undefined;0
4807770273711;Pancit Canton Sweet&amp;Spicy 80g;15;20;Fri Aug 24 2018 19:30:45 GMT+0800 (Australie (Ouest));undefined;0
4808647020094;Eden Cheese 180g;52;5;Fri Aug 24 2018 07:05:10 GMT+0800 (Australie (Ouest));;
4808680022888;Best Food real mayonnaise 220ml;78.75;1;Fri Aug 24 2018 12:58:43 GMT+0800 (Australie (Ouest));;0
4808680027159;Best Foods Mayo Magic 220ML;78.75;3;Fri Aug 24 2018 12:51:58 GMT+0800 (Australie (Ouest));undefined;0
4808680652146;Sinigang sa Gabi 22g;14;10;Fri Aug 24 2018 07:05:10 GMT+0800 (Australie (Ouest));;
480887300086;Purefoods Tender JuicyHDClassic 230g;50;2;Sun Aug 26 2018 11:29:51 GMT+0800 (Australie (Ouest));undefined;0
4808887010992;Chunkee CornBeef  190g;55;6;Fri Aug 24 2018 07:05:10 GMT+0800 (Australie (Ouest));;
4808887011296;Chunkee CornBeef 150g;45;8;Fri Aug 24 2018 07:05:10 GMT+0800 (Australie (Ouest));;
4808887300086;Purefoods Tender JuicyHDClassic 230g;50;2;Sun Aug 26 2018 11:40:55 GMT+0800 (Australie (Ouest));undefined;0
4808887300093;Pure Foods Tender Juicy Classic 500g;90;2;Sun Aug 26 2018 11:12:43 GMT+0800 (Australie (Ouest));undefined;0
4808887300284;Purefoods Tender Juicy HD Jumboo1kg;210;2;Sun Aug 26 2018 11:11:51 GMT+0800 (Australie (Ouest));undefined;0
4808888201115;colgate classic deep clean medium;15;18;Fri Aug 24 2018 20:11:50 GMT+0800 (Australie (Ouest));;0
4808888442204;Palmolive Brilliant Shine Shampoo&Conditioner 90ml;52.95;2;Fri Aug 24 2018 18:10:11 GMT+0800 (Australie (Ouest));;0
4808888821122;Axion Paste Kalamansi Tub 350g;55;3;Fri Aug 24 2018 17:23:46 GMT+0800 (Australie (Ouest));;0
4808888821221;Axion Kalamansi 190g;33;6;Fri Aug 24 2018 17:25:29 GMT+0800 (Australie (Ouest));undefined;0
4808888822129;Axion Paste Antibacterial Lemon 350g;55;3;Fri Aug 24 2018 17:28:11 GMT+0800 (Australie (Ouest));;0
4808888822327;Axion Paste Anti-Bacterial Lemon 190g;33;5;Fri Aug 24 2018 17:26:54 GMT+0800 (Australie (Ouest));;0
4808888842417;AAxion Liquid Anti-Baacterial Lemon 250ml;57;3;Fri Aug 24 2018 17:22:30 GMT+0800 (Australie (Ouest));undefined;0
4808888843414;Axion Liquid Kalamansi 250ml;57;3;Fri Aug 24 2018 17:21:14 GMT+0800 (Australie (Ouest));;0
4809010408006;Alfonso Hot Chocolate 30g;20;6;Sat Aug 25 2018 15:17:03 GMT+0800 (Australie (Ouest));undefined;0
4809010408082;Chocolate Champorado55g;28;8;Fri Aug 24 2018 07:05:10 GMT+0800 (Australie (Ouest));;
4809010524515;Sugo Salted Peanut 50g;13;15;Fri Aug 24 2018 07:05:10 GMT+0800 (Australie (Ouest));;
4809010524553;Sugo Hot&Spicy Peanut 50g;13;15;Fri Aug 24 2018 16:36:11 GMT+0800 (Australie (Ouest));;0
4809010528841;Magic Silver Plate 25's;30;3;Fri Aug 24 2018 21:51:01 GMT+0800 (Australie (Ouest));;0
4809010626332;Lemon Square Cheese Cake 300g;60;3;Fri Aug 24 2018 15:32:40 GMT+0800 (Australie (Ouest));;0
4809012089524;Mango Otap 230g Trappist;160;29;Fri Aug 24 2018 07:05:10 GMT+0800 (Australie (Ouest));;
4809012089531;Mango Bars 220g Trappist;160;36;Fri Aug 24 2018 07:05:10 GMT+0800 (Australie (Ouest));;
4809012721165;Glue Board Pest off;99.05;4;Fri Aug 24 2018 23:20:19 GMT+0800 (Australie (Ouest));;0
4809013041354;Alibaba Sweet Corn 30g;8;8;Fri Aug 24 2018 07:05:10 GMT+0800 (Australie (Ouest));;
4809013041392;Alibaba Fried Chicken 30g;8;8;Fri Aug 24 2018 07:05:10 GMT+0800 (Australie (Ouest));;
4809013041422;Alibaba Snack Mixed 100g;20;8;Fri Aug 24 2018 07:05:10 GMT+0800 (Australie (Ouest));;
4809013526264;Mr. Hat Gulaman strawberry 25g;18;10;Sat Aug 25 2018 15:28:03 GMT+0800 (Australie (Ouest));;0
4809013526271;Mr.Hat Gulaman Buko Pandan 25g;18;10;Sat Aug 25 2018 15:26:52 GMT+0800 (Australie (Ouest));;0
4809013526325;Mr Hat Gulaman Green 25g;18;10;Sat Aug 25 2018 15:25:24 GMT+0800 (Australie (Ouest));undefined;0
4820017923903;Garbanzos 100G;16;6;Fri Aug 24 2018 07:05:10 GMT+0800 (Australie (Ouest));;
4891208040174;Boogyman Crunch 24g;8;8;Fri Aug 24 2018 07:05:10 GMT+0800 (Australie (Ouest));;
4891208040181;Rin-bee 24g;8;8;Fri Aug 24 2018 07:05:10 GMT+0800 (Australie (Ouest));;
4893049000416;Chips Ahoy! Original 142g;63;4;Fri Aug 24 2018 07:05:10 GMT+0800 (Australie (Ouest));;
4902430093729;Joy Antibac Plus 250ml;79.6;3;Fri Aug 24 2018 23:39:03 GMT+0800 (Australie (Ouest));;0
4902430093767;Joy Complete Lemon 250ml;;71;3;Fri Aug 24 2018 23:36:08 GMT+0800 (Australie (Ouest));;0
4902430093835;Joy Liquid Kalamansi 250ml;71;3;Fri Aug 24 2018 23:37:41 GMT+0800 (Australie (Ouest));undefined;0
4902430191821;Ariel Super Bar 130g;15;10;Fri Aug 24 2018 07:05:10 GMT+0800 (Australie (Ouest));;
4902430344876;Downy Antibac 27ml;7;6;Sat Aug 25 2018 16:54:39 GMT+0800 (Australie (Ouest));;0
4902430346184;Downy Antibac 40ml;9;12;Sat Aug 25 2018 16:55:08 GMT+0800 (Australie (Ouest));;0
4902430389532;Joy Kalamansi 45ml;13;30;Sat Aug 25 2018 16:47:01 GMT+0800 (Australie (Ouest));;0
4902430389556;Joy antibac 40ml;13;24;Sat Aug 25 2018 16:45:14 GMT+0800 (Australie (Ouest));;0
4902430389563;Joy Lemon 45ml;13;24;Sat Aug 25 2018 16:46:36 GMT+0800 (Australie (Ouest));;0
4902430401845;Downy Sun Fresh 25ml;7;30;Sat Aug 25 2018 16:59:48 GMT+0800 (Australie (Ouest));;0
4902430411530;Tide Ultra Bar 130g;13;10;Fri Aug 24 2018 19:19:13 GMT+0800 (Australie (Ouest));undefined;0
4902430412667;Tide Lemon&Kalamansi 475g;50;2;Fri Aug 24 2018 17:46:46 GMT+0800 (Australie (Ouest));;0
4902430414418;Head&Shoulders Cool Menthol 70ml;55.25;3;Fri Aug 24 2018 18:01:09 GMT+0800 (Australie (Ouest));;0
4902430414432;Head&Shoulders Apple Fresh 70ml;55.25;3;Fri Aug 24 2018 18:02:00 GMT+0800 (Australie (Ouest));;0
4902430431149;Tide Ultra Orignal scent 130g;13;8;Sun Aug 26 2018 14:56:44 GMT+0800 (Australie (Ouest));;0
4902430453295;Downy Garden Bloom 25ml;7;18;Sat Aug 25 2018 16:59:04 GMT+0800 (Australie (Ouest));;0
4902430507516;Head&Shoulders Ultra Men 70ml;55.75;2;Fri Aug 24 2018 18:02:45 GMT+0800 (Australie (Ouest));;0
4902430523226;Bonux 3in1 Flower Fiesta 140g;11;10;Fri Aug 24 2018 07:05:10 GMT+0800 (Australie (Ouest));;
4902430587914;Tide Lemon&Kalamansi  Jumbo 80g;13;12;Sun Aug 26 2018 14:42:59 GMT+0800 (Australie (Ouest));;0
4902430623209;Bonux 3in1 Rose&Vanilla Aroma 130g;11;10;Fri Aug 24 2018 07:05:10 GMT+0800 (Australie (Ouest));;
4902430640053;Ariel Sunrise Fresh 48g;10;6;Sun Aug 26 2018 14:39:31 GMT+0800 (Australie (Ouest));undefined;0
4902430693127;Olay Skin Whitening Bar w/Papaya 90g;43.25;2;Fri Aug 24 2018 18:17:31 GMT+0800 (Australie (Ouest));;0
4902430693141;Olay Skin Whitening Bar w/Vitamin c 90g;43.25;2;Fri Aug 24 2018 18:18:39 GMT+0800 (Australie (Ouest));;0
4902430708234;Ariel Sunrise Fresh Jumbo 70g;15;18;Sun Aug 26 2018 14:39:44 GMT+0800 (Australie (Ouest));undefined;0
4902430729901;Downy Passion 20ml;7;30;Sat Aug 25 2018 16:54:10 GMT+0800 (Australie (Ouest));;0
4902430754453;Joy Antibac 18ml;6;18;Sat Aug 25 2018 16:50:51 GMT+0800 (Australie (Ouest));;0
4902430754460;Joy Lemon 18ml;6;12;Sat Aug 25 2018 16:51:31 GMT+0800 (Australie (Ouest));;0
4902430764858;Ariel Power Gel  Sunrise Fresh 64g;14;30;Sun Aug 26 2018 14:37:33 GMT+0800 (Australie (Ouest));;0
4902430764902;Ariel Power Gel Downy Passion 60g;14;30;Sun Aug 26 2018 14:30:33 GMT+0800 (Australie (Ouest));;0
4902430766128;Pampers Pants Large;168;1;Fri Aug 24 2018 07:05:10 GMT+0800 (Australie (Ouest));;
4902430945554;Safeguard Pure White 60g;18.5;12;Fri Aug 24 2018 18:29:14 GMT+0800 (Australie (Ouest));;0
4902430951357;Safeguard Pink 60g;18.5;12;Fri Aug 24 2018 18:29:54 GMT+0800 (Australie (Ouest));;0
6901009100071;Maling Luncheon Meat 397g;85;4;Fri Aug 24 2018 07:05:10 GMT+0800 (Australie (Ouest));;
6901009100088;Maling Pork Luncheon Meat 170g;43;6;Fri Aug 24 2018 07:05:10 GMT+0800 (Australie (Ouest));;
6920354806773;Colgate Total 80g;89;4;Fri Aug 24 2018 17:51:18 GMT+0800 (Australie (Ouest));;0
6920354817724;Colgate Tiger KIds 40g;27;10;Fri Aug 24 2018 17:54:31 GMT+0800 (Australie (Ouest));;0
731126101080;Nagaraya Original Cracker Nuts 80g;25;8;Sat Aug 25 2018 00:31:00 GMT+0800 (Australie (Ouest));;0
731126103084;Nagaraya Barbecue Cracker Nuts 80g;25;6;Sat Aug 25 2018 00:38:05 GMT+0800 (Australie (Ouest));;0
748485100319;Century Tuna Flakes in Oil 420g;60;4;Sat Aug 25 2018 17:48:24 GMT+0800 (Australie (Ouest));;0
748485100401;Century Tuna Flakes in Oil 155g;35;6;Fri Aug 24 2018 07:05:10 GMT+0800 (Australie (Ouest));;
748485100418;Century Tuna Hot&Spicy 155g;35;7;Fri Aug 24 2018 07:05:10 GMT+0800 (Australie (Ouest));;
748485102313;Century Corned Tina 180g;41;6;Sat Aug 25 2018 17:35:58 GMT+0800 (Australie (Ouest));;0
748485102429;Century Bangus Fillet i Vegetable Oil 184g;50;12;Sat Aug 25 2018 17:34:03 GMT+0800 (Australie (Ouest));;0
748485200019;555 Sardines Green 155g;19;10;Fri Aug 24 2018 07:05:10 GMT+0800 (Australie (Ouest));;
748485200040;555 Spanish Style Sardines 155g;30;9;Fri Aug 24 2018 07:05:10 GMT+0800 (Australie (Ouest));;
748485200064;555 Sardines Green 425g ;40;4;Fri Aug 24 2018 07:05:10 GMT+0800 (Australie (Ouest));;
748485200675;555 Fried Sardines with Tausi 155g;30;5;Fri Aug 24 2018 07:05:10 GMT+0800 (Australie (Ouest));;
748485400860;Angel Evaporada 365g;28;4;Sat Aug 25 2018 17:55:16 GMT+0800 (Australie (Ouest));undefined;0
748485700052;555 Tuna Hot&amp;Spicy 155g;36;7;Sat Aug 25 2018 17:37:45 GMT+0800 (Australie (Ouest));undefined;0
748485700083;555 Tuna Flakes in Oil 155g;36;7;Sat Aug 25 2018 17:38:18 GMT+0800 (Australie (Ouest));;0
748485700656;555 Tuna Caldereta 110g;20;8;Sat Aug 25 2018 17:50:47 GMT+0800 (Australie (Ouest));;0
748485800011;Argentina Corn Beef 175g;41;7;Sat Aug 25 2018 17:58:05 GMT+0800 (Australie (Ouest));undefined;0
748485800035;Argentina Corned Beef 260g;55;3;Sat Aug 25 2018 17:44:39 GMT+0800 (Australie (Ouest));;0
748485800431;Argentina Corn Beef 150g;38;8;Sat Aug 25 2018 17:40:39 GMT+0800 (Australie (Ouest));;0
748485800448;Argentina Meat Loaf;50;5;Sat Aug 25 2018 17:44:48 GMT+0800 (Australie (Ouest));undefined;0
748485801261;Argentina Meat Loaf 100g;17;8;Sat Aug 25 2018 17:47:32 GMT+0800 (Australie (Ouest));;0
748485801490;Argentina Meat Loaf 150g;25;8;Sat Aug 25 2018 17:42:24 GMT+0800 (Australie (Ouest));;0
748485801803;Argentina Corned Beef 100g;18;6;Sat Aug 25 2018 17:46:40 GMT+0800 (Australie (Ouest));;0
750515018501;Sky Flakes Crackers 250g;54;6;Fri Aug 24 2018 16:20:33 GMT+0800 (Australie (Ouest));undefined;0
750515021358;Crushed Grahams 200g;38;6;Fri Aug 24 2018 14:43:37 GMT+0800 (Australie (Ouest));undefined;0
750515030312;Sky Flakes Cheese 250g ;54;6;Fri Aug 24 2018 16:19:18 GMT+0800 (Australie (Ouest));undefined;0
750515031517;Sky Flakes Chocolate Flavor (30g x 10packs);54;4;Fri Aug 24 2018 16:00:35 GMT+0800 (Australie (Ouest));undefined;0
76164217;Marlboro Red 20's;100;40;Sat Aug 25 2018 13:43:50 GMT+0800 (Australie (Ouest));;0
7622210075017;Cheez Whiz Pimiento 220g;76;3;Fri Aug 24 2018 07:05:10 GMT+0800 (Australie (Ouest));;
7622210706768;Tang Pomelo 25g;20;24;Fri Aug 24 2018 07:05:10 GMT+0800 (Australie (Ouest));;
7622300312039;Cheez Whiz Pimiento 15g;8;9;Fri Aug 24 2018 07:05:10 GMT+0800 (Australie (Ouest));;
7622300501525;Cheez Whiz Orig 62g;28.5;5;Fri Aug 24 2018 12:49:41 GMT+0800 (Australie (Ouest));undefined;0
7622300559991;Tang orange 25g;20;24;Fri Aug 24 2018 07:05:10 GMT+0800 (Australie (Ouest));;
7622300601768;Tang Pineapple 25g ;20;24;Fri Aug 24 2018 07:05:10 GMT+0800 (Australie (Ouest));;
7622300601782;Tang Mango 25g;18;24;Sun Aug 26 2018 09:24:29 GMT+0800 (Australie (Ouest));;0
7622300638054;Tang Orange-Pineapple 25g;18;12;Sun Aug 26 2018 09:18:00 GMT+0800 (Australie (Ouest));;0
7622300704148;Tang Apple 25g;18;20;Sun Aug 26 2018 09:22:21 GMT+0800 (Australie (Ouest));undefined;0
7622300769406;Cheez Whiz Pimiento 115g;43;3;Fri Aug 24 2018 07:05:10 GMT+0800 (Australie (Ouest));;
76239878;Marlboro Lights 20's;100;40;Sat Aug 25 2018 13:43:22 GMT+0800 (Australie (Ouest));;0
8410162100128;Fundador Sulera 70cl.;150;2;Sun Aug 26 2018 09:30:24 GMT+0800 (Australie (Ouest));;0
8410162100265;Fundador Double Light 1L;180;1;Sun Aug 26 2018 09:29:25 GMT+0800 (Australie (Ouest));;0
8850006321546;Colgate Triple Action 25ml;28;4;Fri Aug 24 2018 17:55:24 GMT+0800 (Australie (Ouest));;0
8850006340721;Colgate Total Clean Mint 150g;67;4;Fri Aug 24 2018 17:52:10 GMT+0800 (Australie (Ouest));;0
8850006342213;Colgate Kids Minions 40g;39;9;Fri Aug 24 2018 17:53:39 GMT+0800 (Australie (Ouest));;0
8850006480519;Palmolive Expertique Conditioner 12ml;7;24;Sat Aug 25 2018 12:35:40 GMT+0800 (Australie (Ouest));;0
8850006493878;Palmolive Flawless Clean w/charcoal 55g;14;6;Fri Aug 24 2018 18:15:24 GMT+0800 (Australie (Ouest));;0
8850007011187;Johnson's Blossoms baby Powder 200g;86;3;Fri Aug 24 2018 07:05:10 GMT+0800 (Australie (Ouest));;
8850007014478;Johnson's Active Fresh Baby Powder 100g;45;3;Fri Aug 24 2018 07:05:10 GMT+0800 (Australie (Ouest));;
8850007014492;Johnson's Active Fresh Baby Powder 200g;86;3;Fri Aug 24 2018 07:05:10 GMT+0800 (Australie (Ouest));;
8850007331285;Carefree Breathable;51.25;4;Fri Aug 24 2018 21:35:19 GMT+0800 (Australie (Ouest));undefined;0
8850007331797;Carefree Healthy fresh;63.25;4;Fri Aug 24 2018 21:34:54 GMT+0800 (Australie (Ouest));undefined;0
8850125085114;Nescafe Black Ice 180ml;30;4;Sun Aug 26 2018 09:34:43 GMT+0800 (Australie (Ouest));;0
8850127003819;Nescafe Espresso Roast 180ml;30;4;Fri Aug 24 2018 07:05:10 GMT+0800 (Australie (Ouest));;
8850389100684;Mogu Mogu Lychee 320ml;35;10;Fri Aug 24 2018 07:05:10 GMT+0800 (Australie (Ouest));;
8850389105450;Mogu Mogu  Lychee with Nata De Coco 1000ml;95;2;Fri Aug 24 2018 07:05:10 GMT+0800 (Australie (Ouest));;
8850389106273;Mogu Mogu Coconut 320ml ;35;4;Fri Aug 24 2018 07:05:10 GMT+0800 (Australie (Ouest));;
8850389106990;Mogu Mogu Coconut Flavor 1000ml;95;2;Fri Aug 24 2018 07:05:10 GMT+0800 (Australie (Ouest));;
8850389113004;Mogu Mogu Melon 320ml;35;4;Fri Aug 24 2018 07:05:10 GMT+0800 (Australie (Ouest));;
8850580500009;Kopiko Iced Black 3 in One 240ml ;25;4;Fri Aug 24 2018 07:05:10 GMT+0800 (Australie (Ouest));;
8850580500016;Kopiko Brown Coffee 240ml;25;4;Fri Aug 24 2018 07:05:10 GMT+0800 (Australie (Ouest));;
8850580500023;Kopiko Iced Blanca 240ml;20;10;Sun Aug 26 2018 09:51:17 GMT+0800 (Australie (Ouest));undefined;0
8851028000808;VitaMilk Choco 300ml;30;20;Fri Aug 24 2018 07:05:10 GMT+0800 (Australie (Ouest));;
8851028001614;VitaMilk Energy 300ml;30;4;Fri Aug 24 2018 07:05:10 GMT+0800 (Australie (Ouest));;
8851028002505;Vita Milk Choco 300ml;30;20;Sun Aug 26 2018 09:40:34 GMT+0800 (Australie (Ouest));;0
8851717200007;Dutchmill strawberry Juice 90ml;12;4;Fri Aug 24 2018 07:05:10 GMT+0800 (Australie (Ouest));;
8853002303110;Dutch Mill  Mixed Berries 90ml;12;4;Fri Aug 24 2018 07:05:10 GMT+0800 (Australie (Ouest));;
8886467100260;Pringles Original 42g;40;6;Sat Aug 25 2018 01:24:44 GMT+0800 (Australie (Ouest));;0
8886467105814;Pringles Cheesy Cheese 42g;40;6;Sat Aug 25 2018 01:23:31 GMT+0800 (Australie (Ouest));;0
888801729005;Tiger 330ml;35;8;Sun Aug 26 2018 09:38:16 GMT+0800 (Australie (Ouest));;0
8934638030011;Lactacyd All-Day Care Cleansing 60ml;30;4;Sat Aug 25 2018 01:47:36 GMT+0800 (Australie (Ouest));;0
8934638030073;Lactacyd All-Day Care Cleansing 150ml;60;4;Sat Aug 25 2018 01:46:44 GMT+0800 (Australie (Ouest));;0
8934868053408;Domex Ultra Thick Classic 150ml;30;4;Sat Aug 25 2018 00:18:59 GMT+0800 (Australie (Ouest));undefined;0
8934868074533;Domex Ultra Thick Pink Power 150ml;30;4;Sat Aug 25 2018 00:19:23 GMT+0800 (Australie (Ouest));undefined;0
8935001706809;Mentos 100's;66;3;Fri Aug 24 2018 07:05:10 GMT+0800 (Australie (Ouest));;
8935001721673;Chupa Chups Milky;29;3;Fri Aug 24 2018 07:05:10 GMT+0800 (Australie (Ouest));;
8992725910417;Listerine Fresh Burst 80ml;50;2;Sat Aug 25 2018 01:49:12 GMT+0800 (Australie (Ouest));;0
8992725910448;Listerine Tartar Control 80ml;57;2;Sat Aug 25 2018 01:50:08 GMT+0800 (Australie (Ouest));;0
8993175539241;Richoco Chocolate Wafer 50g;14;5;Fri Aug 24 2018 07:05:10 GMT+0800 (Australie (Ouest));;
8993175540438;Richoco White 50g ;14;4;Fri Aug 24 2018 07:05:10 GMT+0800 (Australie (Ouest));;
8996001346297;Fres Mint Candy Cherry 150g;30;3;Fri Aug 24 2018 07:05:10 GMT+0800 (Australie (Ouest));;
8996001350584;Cal Cheese 53.5g;14;30;Fri Aug 24 2018 07:05:10 GMT+0800 (Australie (Ouest));;
8996001410547;Kopiko Brown Coffee 27.5g;8;-1;Fri Aug 24 2018 14:01:36 GMT+0800 (Australie (Ouest));undefined;0
8996001414071;Kopiko Cappucino Mini Bag;70;3;Fri Aug 24 2018 13:10:28 GMT+0800 (Australie (Ouest));;0
8996001414309;Kopiko Blanca 30g;8;24;Sat Aug 25 2018 10:51:19 GMT+0800 (Australie (Ouest));undefined;0
8996001440049;Energen Choco 30g;8;23;Fri Aug 24 2018 07:05:10 GMT+0800 (Australie (Ouest));;
8996001440124;Energen Vanilla 30g;8;36;Fri Aug 24 2018 07:45:50 GMT+0800 (Australie (Ouest));undefined;0
8996001600221;Kopiko Coffee Latte 240ml;25;14;Fri Aug 24 2018 07:05:10 GMT+0800 (Australie (Ouest));;
8997035600027;Pocari Sweat 500ml ;45;2;Fri Aug 24 2018 07:05:10 GMT+0800 (Australie (Ouest));;
8997878332291;Cola Candy 30pcs;25;2;Sun Aug 26 2018 11:32:34 GMT+0800 (Australie (Ouest));;0
8998666001726;Kopiko Blanca Twin 52g;12;36;Fri Aug 24 2018 14:28:00 GMT+0800 (Australie (Ouest));undefined;0
95509433;Marlboro Black Menthol 20's;100;10;Sat Aug 25 2018 13:41:30 GMT+0800 (Australie (Ouest));;0
9556031063275;Palmolive Moist ure Smooth 80g;23.5;2;Fri Aug 24 2018 18:21:11 GMT+0800 (Australie (Ouest));;0
9556031076589;Palmolive White+Papaya 80g;29.25;2;Fri Aug 24 2018 18:24:04 GMT+0800 (Australie (Ouest));;0
9556031084126;Palmolive Soft Moist Grn 55g;13;6;Fri Aug 24 2018 18:16:02 GMT+0800 (Australie (Ouest));;0
9556121030033;Julie's Sugar Crackers 26gx10's;60;3;Sat Aug 25 2018 10:35:13 GMT+0800 (Australie (Ouest));;0
9556121030040;Julie's Butter Crackers 25x10's;60;3;Sat Aug 25 2018 10:36:23 GMT+0800 (Australie (Ouest));;0